item_id,sale_id,product_id,quantity,original_price,unit_price,discount_applied,discount_percent,discounted,item_total,sale_date,channel,channel_campaigns
209,644,224,1,75.4,75.4,0,0.00%,0,75.4,4/4/2025,E-commerce,Website Banner
1311,168,35,1,61.61,61.61,0,0.00%,0,61.61,4/4/2025,App Mobile,App Mobile
271,247,287,1,60.34,60.34,0,0.00%,0,60.34,4/4/2025,App Mobile,App Mobile
1413,247,27,1,57.35,57.35,0,0.00%,0,57.35,4/4/2025,App Mobile,App Mobile
79,1336,32,1,54.83,54.83,0,0.00%,0,54.83,4/4/2025,E-commerce,Website Banner
1780,644,311,1,43.38,43.38,0,0.00%,0,43.38,4/4/2025,E-commerce,Website Banner
1129,354,191,2,60.52,60.52,0,0.00%,0,121.04,4/4/2025,App Mobile,App Mobile
268,644,100,2,56.44,56.44,0,0.00%,0,112.88,4/4/2025,E-commerce,Website Banner
744,354,368,2,53.48,53.48,0,0.00%,0,106.96,4/4/2025,App Mobile,App Mobile
1428,329,299,2,52.65,52.65,0,0.00%,0,105.3,4/4/2025,E-commerce,Website Banner
1788,1275,426,2,51.97,51.97,0,0.00%,0,103.94,4/4/2025,App Mobile,App Mobile
1592,760,487,2,49.84,49.84,0,0.00%,0,99.68,4/4/2025,E-commerce,Website Banner
2561,168,329,2,43.09,43.09,0,0.00%,0,86.18,4/4/2025,App Mobile,App Mobile
3211,67,240,2,38.14,38.14,0,0.00%,0,76.28,4/4/2025,App Mobile,App Mobile
514,329,206,3,63.03,63.03,0,0.00%,0,189.09,4/4/2025,E-commerce,Website Banner
1348,247,407,3,56.84,56.84,0,0.00%,0,170.52,4/4/2025,App Mobile,App Mobile
3275,798,336,3,51.22,51.22,0,0.00%,0,153.66,4/4/2025,E-commerce,Website Banner
171,801,421,3,50.89,50.89,0,0.00%,0,152.67,4/4/2025,E-commerce,Website Banner
781,760,219,3,49.76,49.76,0,0.00%,0,149.28,4/4/2025,E-commerce,Website Banner
3155,511,204,3,39.2,39.2,0,0.00%,0,117.6,4/4/2025,E-commerce,Website Banner
251,354,500,3,38.03,38.03,0,0.00%,0,114.09,4/4/2025,App Mobile,App Mobile
3077,20,414,3,35.2,35.2,0,0.00%,0,105.6,4/4/2025,E-commerce,Website Banner
1071,1330,454,3,35.16,35.16,0,0.00%,0,105.48,4/4/2025,App Mobile,App Mobile
1965,511,235,3,23.68,23.68,0,0.00%,0,71.04,4/4/2025,E-commerce,Website Banner
1514,511,60,4,81.7,81.7,0,0.00%,0,326.8,4/4/2025,E-commerce,Website Banner
2068,798,449,4,46.9,46.9,0,0.00%,0,187.6,4/4/2025,E-commerce,Website Banner
1173,67,374,4,43.43,43.43,0,0.00%,0,173.72,4/4/2025,App Mobile,App Mobile
1089,1336,209,4,32.41,32.41,0,0.00%,0,129.64,4/4/2025,E-commerce,Website Banner
1627,20,327,5,74.24,74.24,0,0.00%,0,371.2,4/4/2025,E-commerce,Website Banner
932,168,239,5,66.99,66.99,0,0.00%,0,334.95,4/4/2025,App Mobile,App Mobile
3112,801,44,5,64.84,64.84,0,0.00%,0,324.2,4/4/2025,E-commerce,Website Banner
585,329,437,5,62.17,62.17,0,0.00%,0,310.85,4/4/2025,E-commerce,Website Banner
2603,1330,447,5,47.66,47.66,0,0.00%,0,238.3,4/4/2025,App Mobile,App Mobile
2101,1275,277,5,43.92,43.92,0,0.00%,0,219.6,4/4/2025,App Mobile,App Mobile
1614,20,451,5,37.8,37.8,0,0.00%,0,189,4/4/2025,E-commerce,Website Banner
446,67,169,5,32.94,32.94,0,0.00%,0,164.7,4/4/2025,App Mobile,App Mobile
2404,959,370,1,50.34,50.34,0,0.00%,0,50.34,5/4/2025,E-commerce,Website Banner
3062,722,441,1,36.99,36.99,0,0.00%,0,36.99,5/4/2025,App Mobile,App Mobile
3152,115,313,1,35.69,35.69,0,0.00%,0,35.69,5/4/2025,App Mobile,App Mobile
2221,1038,303,2,56.58,56.58,0,0.00%,0,113.16,5/4/2025,E-commerce,Website Banner
2343,1038,156,2,55.52,55.52,0,0.00%,0,111.04,5/4/2025,E-commerce,Website Banner
926,521,481,2,54.87,54.87,0,0.00%,0,109.74,5/4/2025,App Mobile,App Mobile
2919,516,25,2,52.94,52.94,0,0.00%,0,105.88,5/4/2025,E-commerce,Website Banner
330,796,445,2,52.28,52.28,0,0.00%,0,104.56,5/4/2025,App Mobile,App Mobile
1935,796,18,2,40.99,40.99,0,0.00%,0,81.98,5/4/2025,App Mobile,App Mobile
1593,115,427,2,36.01,36.01,0,0.00%,0,72.02,5/4/2025,App Mobile,App Mobile
1189,115,401,2,30.83,30.83,0,0.00%,0,61.66,5/4/2025,App Mobile,App Mobile
711,63,88,2,29.81,29.81,0,0.00%,0,59.62,5/4/2025,App Mobile,App Mobile
2096,924,49,3,57.35,57.35,0,0.00%,0,172.05,5/4/2025,E-commerce,Website Banner
2393,1271,20,3,45.42,45.42,0,0.00%,0,136.26,5/4/2025,E-commerce,Website Banner
2272,63,280,3,44.14,44.14,0,0.00%,0,132.42,5/4/2025,App Mobile,App Mobile
2558,959,141,3,39.16,39.16,0,0.00%,0,117.48,5/4/2025,E-commerce,Website Banner
681,565,387,3,38.06,38.06,0,0.00%,0,114.18,5/4/2025,E-commerce,Website Banner
2303,565,114,3,21.53,21.53,0,0.00%,0,64.59,5/4/2025,E-commerce,Website Banner
2629,1162,470,4,67.73,67.73,0,0.00%,0,270.92,5/4/2025,App Mobile,App Mobile
2161,678,469,4,64.08,64.08,0,0.00%,0,256.32,5/4/2025,E-commerce,Website Banner
1472,63,472,4,59.9,59.9,0,0.00%,0,239.6,5/4/2025,App Mobile,App Mobile
1251,722,370,4,50.34,50.34,0,0.00%,0,201.36,5/4/2025,App Mobile,App Mobile
2220,518,137,4,46.52,46.52,0,0.00%,0,186.08,5/4/2025,E-commerce,Website Banner
2565,521,456,4,39.09,39.09,0,0.00%,0,156.36,5/4/2025,App Mobile,App Mobile
421,516,408,4,37.17,37.17,0,0.00%,0,148.68,5/4/2025,E-commerce,Website Banner
2278,516,330,4,33.94,33.94,0,0.00%,0,135.76,5/4/2025,E-commerce,Website Banner
407,1231,372,5,63.79,63.79,0,0.00%,0,318.95,5/4/2025,App Mobile,App Mobile
2109,352,317,5,62.63,62.63,0,0.00%,0,313.15,5/4/2025,E-commerce,Website Banner
877,678,428,5,61.22,61.22,0,0.00%,0,306.1,5/4/2025,E-commerce,Website Banner
1208,521,48,5,54.38,54.38,0,0.00%,0,271.9,5/4/2025,App Mobile,App Mobile
1973,565,267,5,53.91,53.91,0,0.00%,0,269.55,5/4/2025,E-commerce,Website Banner
2218,924,76,5,51.7,51.7,0,0.00%,0,258.5,5/4/2025,E-commerce,Website Banner
297,518,482,5,47.59,47.59,0,0.00%,0,237.95,5/4/2025,E-commerce,Website Banner
1830,1162,312,5,43.84,43.84,0,0.00%,0,219.2,5/4/2025,App Mobile,App Mobile
622,1231,21,5,43.3,43.3,0,0.00%,0,216.5,5/4/2025,App Mobile,App Mobile
3128,352,143,5,39.75,39.75,0,0.00%,0,198.75,5/4/2025,E-commerce,Website Banner
1566,352,85,5,37.35,37.35,0,0.00%,0,186.75,5/4/2025,E-commerce,Website Banner
1112,1271,313,5,35.69,35.69,0,0.00%,0,178.45,5/4/2025,E-commerce,Website Banner
570,518,319,5,24.05,24.05,0,0.00%,0,120.25,5/4/2025,E-commerce,Website Banner
2442,1082,257,1,77.9,77.9,0,0.00%,0,77.9,6/4/2025,App Mobile,App Mobile
732,276,358,1,71.86,71.86,0,0.00%,0,71.86,6/4/2025,App Mobile,App Mobile
1574,504,326,1,56.7,56.7,0,0.00%,0,56.7,6/4/2025,App Mobile,App Mobile
1407,605,87,1,53.32,53.32,0,0.00%,0,53.32,6/4/2025,App Mobile,App Mobile
1127,235,216,1,48.86,48.86,0,0.00%,0,48.86,6/4/2025,E-commerce,Website Banner
3056,963,229,1,45.58,45.58,0,0.00%,0,45.58,6/4/2025,E-commerce,Website Banner
3216,235,122,1,24.8,24.8,0,0.00%,0,24.8,6/4/2025,E-commerce,Website Banner
468,963,372,2,63.79,63.79,0,0.00%,0,127.58,6/4/2025,E-commerce,Website Banner
3098,1170,49,2,57.35,57.35,0,0.00%,0,114.7,6/4/2025,App Mobile,App Mobile
868,582,117,2,56.06,56.06,0,0.00%,0,112.12,6/4/2025,E-commerce,Website Banner
2506,1317,168,2,54.74,54.74,0,0.00%,0,109.48,6/4/2025,E-commerce,Website Banner
758,217,442,2,53.27,53.27,0,0.00%,0,106.54,6/4/2025,E-commerce,Website Banner
85,504,386,2,51.38,51.38,0,0.00%,0,102.76,6/4/2025,App Mobile,App Mobile
478,663,421,2,50.89,50.89,0,0.00%,0,101.78,6/4/2025,E-commerce,Website Banner
2006,1170,436,2,49.81,49.81,0,0.00%,0,99.62,6/4/2025,App Mobile,App Mobile
3329,582,277,2,43.92,43.92,0,0.00%,0,87.84,6/4/2025,E-commerce,Website Banner
2467,276,362,2,32.64,32.64,0,0.00%,0,65.28,6/4/2025,App Mobile,App Mobile
1525,217,27,3,57.35,57.35,0,0.00%,0,172.05,6/4/2025,E-commerce,Website Banner
3004,605,181,3,52.18,52.18,0,0.00%,0,156.54,6/4/2025,App Mobile,App Mobile
2862,884,89,3,45.12,45.12,0,0.00%,0,135.36,6/4/2025,App Mobile,App Mobile
363,217,373,3,44.12,44.12,0,0.00%,0,132.36,6/4/2025,E-commerce,Website Banner
2488,582,497,3,36.05,36.05,0,0.00%,0,108.15,6/4/2025,E-commerce,Website Banner
697,504,116,4,74.81,74.81,0,0.00%,0,299.24,6/4/2025,App Mobile,App Mobile
557,605,193,4,50.52,50.52,0,0.00%,0,202.08,6/4/2025,App Mobile,App Mobile
2851,235,108,4,48.19,48.19,0,0.00%,0,192.76,6/4/2025,E-commerce,Website Banner
2446,1317,12,4,44.77,44.77,0,0.00%,0,179.08,6/4/2025,E-commerce,Website Banner
673,663,231,4,44.06,44.06,0,0.00%,0,176.24,6/4/2025,E-commerce,Website Banner
612,663,9,4,40.5,40.5,0,0.00%,0,162,6/4/2025,E-commerce,Website Banner
1777,884,494,5,53.52,53.52,0,0.00%,0,267.6,6/4/2025,App Mobile,App Mobile
3131,276,361,5,51.76,51.76,0,0.00%,0,258.8,6/4/2025,App Mobile,App Mobile
918,1082,280,5,44.14,44.14,0,0.00%,0,220.7,6/4/2025,App Mobile,App Mobile
759,127,63,1,58.67,58.67,0,0.00%,0,58.67,13/4/2025,App Mobile,App Mobile
2972,778,416,1,53.46,53.46,0,0.00%,0,53.46,13/4/2025,E-commerce,Website Banner
707,1248,299,1,52.65,52.65,0,0.00%,0,52.65,13/4/2025,App Mobile,App Mobile
2463,590,140,1,52.08,52.08,0,0.00%,0,52.08,13/4/2025,E-commerce,Website Banner
2908,1227,488,1,50.68,50.68,0,0.00%,0,50.68,13/4/2025,App Mobile,App Mobile
461,778,476,1,42.72,42.72,0,0.00%,0,42.72,13/4/2025,E-commerce,Website Banner
2217,88,500,1,38.03,38.03,0,0.00%,0,38.03,13/4/2025,App Mobile,App Mobile
2244,780,383,2,66.38,66.38,0,0.00%,0,132.76,13/4/2025,App Mobile,App Mobile
2066,1088,399,2,61.6,61.6,0,0.00%,0,123.2,13/4/2025,App Mobile,App Mobile
1299,590,352,2,61.12,61.12,0,0.00%,0,122.24,13/4/2025,E-commerce,Website Banner
3014,780,481,2,54.87,54.87,0,0.00%,0,109.74,13/4/2025,App Mobile,App Mobile
2612,158,361,2,51.76,51.76,0,0.00%,0,103.52,13/4/2025,E-commerce,Website Banner
286,94,141,2,39.16,39.16,0,0.00%,0,78.32,13/4/2025,E-commerce,Website Banner
2978,782,116,3,74.81,74.81,0,0.00%,0,224.43,13/4/2025,App Mobile,App Mobile
2747,782,63,3,58.67,58.67,0,0.00%,0,176.01,13/4/2025,App Mobile,App Mobile
1096,158,43,3,49.4,49.4,0,0.00%,0,148.2,13/4/2025,E-commerce,Website Banner
2523,158,479,3,47.42,47.42,0,0.00%,0,142.26,13/4/2025,E-commerce,Website Banner
915,88,383,4,66.38,66.38,0,0.00%,0,265.52,13/4/2025,App Mobile,App Mobile
417,1088,42,4,54.2,54.2,0,0.00%,0,216.8,13/4/2025,App Mobile,App Mobile
58,665,432,4,52.39,52.39,0,0.00%,0,209.56,13/4/2025,E-commerce,Website Banner
1584,127,11,4,51.09,51.09,0,0.00%,0,204.36,13/4/2025,App Mobile,App Mobile
3209,1227,482,4,47.59,47.59,0,0.00%,0,190.36,13/4/2025,App Mobile,App Mobile
1367,94,172,4,41.7,41.7,0,0.00%,0,166.8,13/4/2025,E-commerce,Website Banner
3177,94,41,4,37.94,37.94,0,0.00%,0,151.76,13/4/2025,E-commerce,Website Banner
2769,590,208,4,37.45,37.45,0,0.00%,0,149.8,13/4/2025,E-commerce,Website Banner
1571,1248,348,4,34.47,34.47,0,0.00%,0,137.88,13/4/2025,App Mobile,App Mobile
1515,127,305,5,60.79,60.79,0,0.00%,0,303.95,13/4/2025,App Mobile,App Mobile
2602,88,481,5,54.87,54.87,0,0.00%,0,274.35,13/4/2025,App Mobile,App Mobile
1674,665,62,5,46.09,46.09,0,0.00%,0,230.45,13/4/2025,E-commerce,Website Banner
3221,478,98,1,78.52,78.52,0,0.00%,0,78.52,14/4/2025,App Mobile,App Mobile
889,1304,214,1,59.07,59.07,0,0.00%,0,59.07,14/4/2025,App Mobile,App Mobile
1554,41,32,1,54.83,54.83,0,0.00%,0,54.83,14/4/2025,E-commerce,Website Banner
939,623,193,1,50.52,50.52,0,0.00%,0,50.52,14/4/2025,E-commerce,Website Banner
391,623,230,1,48.3,48.3,0,0.00%,0,48.3,14/4/2025,E-commerce,Website Banner
73,478,280,1,44.14,44.14,0,0.00%,0,44.14,14/4/2025,App Mobile,App Mobile
1765,151,476,1,42.72,42.72,0,0.00%,0,42.72,14/4/2025,E-commerce,Website Banner
1164,53,16,1,40.36,40.36,0,0.00%,0,40.36,14/4/2025,E-commerce,Website Banner
1031,478,325,1,39.78,39.78,0,0.00%,0,39.78,14/4/2025,App Mobile,App Mobile
2905,87,438,1,38.74,38.74,0,0.00%,0,38.74,14/4/2025,E-commerce,Website Banner
880,53,194,2,64.11,64.11,0,0.00%,0,128.22,14/4/2025,E-commerce,Website Banner
2450,529,111,2,60.36,60.36,0,0.00%,0,120.72,14/4/2025,App Mobile,App Mobile
1283,1187,188,2,55.01,55.01,0,0.00%,0,110.02,14/4/2025,E-commerce,Website Banner
542,529,151,2,36.47,36.47,0,0.00%,0,72.94,14/4/2025,App Mobile,App Mobile
3226,1187,120,2,25.7,25.7,0,0.00%,0,51.4,14/4/2025,E-commerce,Website Banner
3337,1304,198,2,14.64,14.64,0,0.00%,0,29.28,14/4/2025,App Mobile,App Mobile
667,645,385,3,63.23,63.23,0,0.00%,0,189.69,14/4/2025,E-commerce,Website Banner
2616,375,133,3,53.05,53.05,0,0.00%,0,159.15,14/4/2025,E-commerce,Website Banner
592,345,220,3,52.6,52.6,0,0.00%,0,157.8,14/4/2025,E-commerce,Website Banner
53,1053,421,3,50.89,50.89,0,0.00%,0,152.67,14/4/2025,E-commerce,Website Banner
2471,375,185,3,47.73,47.73,0,0.00%,0,143.19,14/4/2025,E-commerce,Website Banner
3040,87,102,3,43.06,43.06,0,0.00%,0,129.18,14/4/2025,E-commerce,Website Banner
129,151,178,3,39.34,39.34,0,0.00%,0,118.02,14/4/2025,E-commerce,Website Banner
2259,645,484,3,38.49,38.49,0,0.00%,0,115.47,14/4/2025,E-commerce,Website Banner
2135,736,257,4,77.9,77.9,0,0.00%,0,311.6,14/4/2025,E-commerce,Website Banner
3298,975,70,4,66.33,66.33,0,0.00%,0,265.32,14/4/2025,App Mobile,App Mobile
3038,345,385,4,63.23,63.23,0,0.00%,0,252.92,14/4/2025,E-commerce,Website Banner
2621,345,390,4,59.33,59.33,0,0.00%,0,237.32,14/4/2025,E-commerce,Website Banner
1301,151,247,4,58.86,58.86,0,0.00%,0,235.44,14/4/2025,E-commerce,Website Banner
3132,474,203,4,52.1,52.1,0,0.00%,0,208.4,14/4/2025,App Mobile,App Mobile
2559,82,301,4,48.72,48.72,0,0.00%,0,194.88,14/4/2025,E-commerce,Website Banner
902,623,345,4,46.36,46.36,0,0.00%,0,185.44,14/4/2025,E-commerce,Website Banner
2964,87,161,4,45.75,45.75,0,0.00%,0,183,14/4/2025,E-commerce,Website Banner
2009,41,363,4,43.64,43.64,0,0.00%,0,174.56,14/4/2025,E-commerce,Website Banner
2888,474,325,4,39.78,39.78,0,0.00%,0,159.12,14/4/2025,App Mobile,App Mobile
481,1053,251,4,36.88,36.88,0,0.00%,0,147.52,14/4/2025,E-commerce,Website Banner
1444,529,251,4,36.88,36.88,0,0.00%,0,147.52,14/4/2025,App Mobile,App Mobile
246,645,315,5,67.02,67.02,0,0.00%,0,335.1,14/4/2025,E-commerce,Website Banner
524,82,4,5,60,60,0,0.00%,0,300,14/4/2025,E-commerce,Website Banner
334,736,217,5,52.12,52.12,0,0.00%,0,260.6,14/4/2025,E-commerce,Website Banner
1377,82,468,5,51.8,51.8,0,0.00%,0,259,14/4/2025,E-commerce,Website Banner
1166,41,370,5,50.34,50.34,0,0.00%,0,251.7,14/4/2025,E-commerce,Website Banner
1856,474,364,5,36.34,36.34,0,0.00%,0,181.7,14/4/2025,App Mobile,App Mobile
1928,975,342,5,34.35,34.35,0,0.00%,0,171.75,14/4/2025,App Mobile,App Mobile
1662,53,95,5,31.15,31.15,0,0.00%,0,155.75,14/4/2025,E-commerce,Website Banner
704,375,235,5,23.68,23.68,0,0.00%,0,118.4,14/4/2025,E-commerce,Website Banner
1762,1178,239,1,66.99,66.99,0,0.00%,0,66.99,15/4/2025,App Mobile,App Mobile
2153,1272,197,1,66.68,66.68,0,0.00%,0,66.68,15/4/2025,App Mobile,App Mobile
589,43,399,1,61.6,61.6,0,0.00%,0,61.6,15/4/2025,App Mobile,App Mobile
1597,383,214,1,59.07,59.07,0,0.00%,0,59.07,15/4/2025,App Mobile,App Mobile
2469,451,410,1,47.47,47.47,0,0.00%,0,47.47,15/4/2025,E-commerce,Website Banner
106,981,500,1,38.03,38.03,0,0.00%,0,38.03,15/4/2025,E-commerce,Website Banner
3254,171,459,2,75.17,75.17,0,0.00%,0,150.34,15/4/2025,E-commerce,Website Banner
3257,1272,305,2,60.79,60.79,0,0.00%,0,121.58,15/4/2025,App Mobile,App Mobile
605,667,366,2,58.34,58.34,0,0.00%,0,116.68,15/4/2025,App Mobile,App Mobile
1752,146,288,2,57.11,57.11,0,0.00%,0,114.22,15/4/2025,E-commerce,Website Banner
311,146,440,2,52.08,52.08,0,0.00%,0,104.16,15/4/2025,E-commerce,Website Banner
2824,918,341,2,51.4,51.4,0,0.00%,0,102.8,15/4/2025,E-commerce,Website Banner
2858,1259,482,2,47.59,47.59,0,0.00%,0,95.18,15/4/2025,E-commerce,Website Banner
3265,335,132,2,46.9,46.9,0,0.00%,0,93.8,15/4/2025,App Mobile,App Mobile
2215,401,359,3,74.28,74.28,0,0.00%,0,222.84,15/4/2025,E-commerce,Website Banner
3297,1259,315,3,67.02,67.02,0,0.00%,0,201.06,15/4/2025,E-commerce,Website Banner
2895,383,297,3,65.17,65.17,0,0.00%,0,195.51,15/4/2025,App Mobile,App Mobile
2190,667,53,3,57.17,57.17,0,0.00%,0,171.51,15/4/2025,App Mobile,App Mobile
1097,171,177,3,42.66,42.66,0,0.00%,0,127.98,15/4/2025,E-commerce,Website Banner
795,1193,202,3,41.88,41.88,0,0.00%,0,125.64,15/4/2025,E-commerce,Website Banner
2344,401,204,3,39.2,39.2,0,0.00%,0,117.6,15/4/2025,E-commerce,Website Banner
2455,981,215,3,37.11,37.11,0,0.00%,0,111.33,15/4/2025,E-commerce,Website Banner
408,43,402,3,34.45,34.45,0,0.00%,0,103.35,15/4/2025,App Mobile,App Mobile
613,146,401,3,30.83,30.83,0,0.00%,0,92.49,15/4/2025,E-commerce,Website Banner
1113,383,382,4,62.52,62.52,0,0.00%,0,250.08,15/4/2025,App Mobile,App Mobile
2632,1024,203,4,52.1,52.1,0,0.00%,0,208.4,15/4/2025,App Mobile,App Mobile
2143,451,106,4,40.75,40.75,0,0.00%,0,163,15/4/2025,E-commerce,Website Banner
2125,918,484,4,38.49,38.49,0,0.00%,0,153.96,15/4/2025,E-commerce,Website Banner
1199,689,215,4,37.11,37.11,0,0.00%,0,148.44,15/4/2025,App Mobile,App Mobile
947,335,250,5,68.22,68.22,0,0.00%,0,341.1,15/4/2025,App Mobile,App Mobile
1386,43,38,5,62.8,62.8,0,0.00%,0,314,15/4/2025,App Mobile,App Mobile
927,335,382,5,62.52,62.52,0,0.00%,0,312.6,15/4/2025,App Mobile,App Mobile
2012,171,53,5,57.17,57.17,0,0.00%,0,285.85,15/4/2025,E-commerce,Website Banner
1789,451,264,5,55.01,55.01,0,0.00%,0,275.05,15/4/2025,E-commerce,Website Banner
710,1193,394,5,52.58,52.58,0,0.00%,0,262.9,15/4/2025,E-commerce,Website Banner
1215,689,367,5,51.38,51.38,0,0.00%,0,256.9,15/4/2025,App Mobile,App Mobile
1879,1178,312,5,43.84,43.84,0,0.00%,0,219.2,15/4/2025,App Mobile,App Mobile
88,1300,226,5,39.78,39.78,0,0.00%,0,198.9,15/4/2025,E-commerce,Website Banner
2840,401,148,5,36.69,36.69,0,0.00%,0,183.45,15/4/2025,E-commerce,Website Banner
1518,1024,495,5,36.65,36.65,0,0.00%,0,183.25,15/4/2025,App Mobile,App Mobile
516,1300,334,5,20.82,20.82,0,0.00%,0,104.1,15/4/2025,E-commerce,Website Banner
2496,1255,71,1,80.76,80.76,0,0.00%,0,80.76,16/4/2025,App Mobile,App Mobile
674,946,371,1,63.82,63.82,0,0.00%,0,63.82,16/4/2025,App Mobile,App Mobile
2750,635,357,1,56.91,56.91,0,0.00%,0,56.91,16/4/2025,App Mobile,App Mobile
2440,708,461,1,54.91,54.91,0,0.00%,0,54.91,16/4/2025,App Mobile,App Mobile
1226,1256,442,1,53.27,53.27,0,0.00%,0,53.27,16/4/2025,App Mobile,App Mobile
1641,651,386,1,51.38,51.38,0,0.00%,0,51.38,16/4/2025,E-commerce,Website Banner
1607,635,229,1,45.58,45.58,0,0.00%,0,45.58,16/4/2025,App Mobile,App Mobile
2328,750,293,1,40.77,40.77,0,0.00%,0,40.77,16/4/2025,E-commerce,Website Banner
1478,1255,319,1,24.05,24.05,0,0.00%,0,24.05,16/4/2025,App Mobile,App Mobile
530,878,19,2,65.26,65.26,0,0.00%,0,130.52,16/4/2025,E-commerce,Website Banner
2703,13,54,2,60.33,60.33,0,0.00%,0,120.66,16/4/2025,App Mobile,App Mobile
1869,799,57,2,52.28,52.28,0,0.00%,0,104.56,16/4/2025,App Mobile,App Mobile
563,854,85,2,37.35,37.35,0,0.00%,0,74.7,16/4/2025,E-commerce,Website Banner
1212,854,111,3,60.36,60.36,0,0.00%,0,181.08,16/4/2025,E-commerce,Website Banner
1924,878,391,3,59.77,59.77,0,0.00%,0,179.31,16/4/2025,E-commerce,Website Banner
3260,708,247,3,58.86,58.86,0,0.00%,0,176.58,16/4/2025,App Mobile,App Mobile
2288,1007,321,3,58.09,58.09,0,0.00%,0,174.27,16/4/2025,App Mobile,App Mobile
3114,857,154,3,53.74,53.74,0,0.00%,0,161.22,16/4/2025,App Mobile,App Mobile
1583,425,113,3,39.18,39.18,0,0.00%,0,117.54,16/4/2025,E-commerce,Website Banner
466,425,198,3,14.64,14.64,0,0.00%,0,43.92,16/4/2025,E-commerce,Website Banner
3276,13,284,4,81.79,81.79,0,0.00%,0,327.16,16/4/2025,App Mobile,App Mobile
2969,635,428,4,61.22,61.22,0,0.00%,0,244.88,16/4/2025,App Mobile,App Mobile
2381,857,425,4,53.99,53.99,0,0.00%,0,215.96,16/4/2025,App Mobile,App Mobile
812,1139,416,4,53.46,53.46,0,0.00%,0,213.84,16/4/2025,App Mobile,App Mobile
3093,1139,440,4,52.08,52.08,0,0.00%,0,208.32,16/4/2025,App Mobile,App Mobile
3195,750,479,4,47.42,47.42,0,0.00%,0,189.68,16/4/2025,E-commerce,Website Banner
361,425,89,4,45.12,45.12,0,0.00%,0,180.48,16/4/2025,E-commerce,Website Banner
1863,799,5,4,36.84,36.84,0,0.00%,0,147.36,16/4/2025,App Mobile,App Mobile
2306,946,82,4,32.21,32.21,0,0.00%,0,128.84,16/4/2025,App Mobile,App Mobile
2827,953,382,5,62.52,62.52,0,0.00%,0,312.6,16/4/2025,App Mobile,App Mobile
2515,1007,299,5,52.65,52.65,0,0.00%,0,263.25,16/4/2025,App Mobile,App Mobile
2962,13,219,5,49.76,49.76,0,0.00%,0,248.8,16/4/2025,App Mobile,App Mobile
1168,651,479,5,47.42,47.42,0,0.00%,0,237.1,16/4/2025,E-commerce,Website Banner
72,953,411,5,43.94,43.94,0,0.00%,0,219.7,16/4/2025,App Mobile,App Mobile
617,651,177,5,42.66,42.66,0,0.00%,0,213.3,16/4/2025,E-commerce,Website Banner
3094,1256,457,5,31.61,31.61,0,0.00%,0,158.05,16/4/2025,App Mobile,App Mobile
3058,863,359,1,74.28,74.28,0,0.00%,0,74.28,17/4/2025,E-commerce,Website Banner
2521,466,194,1,64.11,64.11,0,0.00%,0,64.11,17/4/2025,E-commerce,Website Banner
2354,779,266,1,61.67,61.67,0,0.00%,0,61.67,17/4/2025,App Mobile,App Mobile
1370,856,366,1,58.34,58.34,0,0.00%,0,58.34,17/4/2025,E-commerce,Website Banner
1206,55,154,1,53.74,53.74,0,0.00%,0,53.74,17/4/2025,E-commerce,Website Banner
3118,318,231,1,44.06,44.06,0,0.00%,0,44.06,17/4/2025,E-commerce,Website Banner
2316,378,477,1,38.9,38.9,0,0.00%,0,38.9,17/4/2025,App Mobile,App Mobile
1482,1320,298,1,33.94,33.94,0,0.00%,0,33.94,17/4/2025,E-commerce,Website Banner
2219,1029,88,1,29.81,29.81,0,0.00%,0,29.81,17/4/2025,E-commerce,Website Banner
757,846,146,2,81.06,81.06,0,0.00%,0,162.12,17/4/2025,App Mobile,App Mobile
3154,856,359,2,74.28,74.28,0,0.00%,0,148.56,17/4/2025,E-commerce,Website Banner
1750,1047,365,2,67.76,67.76,0,0.00%,0,135.52,17/4/2025,E-commerce,Website Banner
1245,378,472,2,59.9,59.9,0,0.00%,0,119.8,17/4/2025,App Mobile,App Mobile
700,318,488,2,50.68,50.68,0,0.00%,0,101.36,17/4/2025,E-commerce,Website Banner
2013,945,161,2,45.75,45.75,0,0.00%,0,91.5,17/4/2025,E-commerce,Website Banner
3117,1201,312,2,43.84,43.84,0,0.00%,0,87.68,17/4/2025,App Mobile,App Mobile
1550,1011,292,2,40.12,40.12,0,0.00%,0,80.24,17/4/2025,App Mobile,App Mobile
1530,1320,246,2,28.98,28.98,0,0.00%,0,57.96,17/4/2025,E-commerce,Website Banner
1270,318,163,3,76.96,76.96,0,0.00%,0,230.88,17/4/2025,E-commerce,Website Banner
626,1029,131,3,66.63,66.63,0,0.00%,0,199.89,17/4/2025,E-commerce,Website Banner
655,164,19,3,65.26,65.26,0,0.00%,0,195.78,17/4/2025,App Mobile,App Mobile
901,378,297,3,65.17,65.17,0,0.00%,0,195.51,17/4/2025,App Mobile,App Mobile
1637,164,485,3,56.2,56.2,0,0.00%,0,168.6,17/4/2025,App Mobile,App Mobile
703,1201,107,3,55.06,55.06,0,0.00%,0,165.18,17/4/2025,App Mobile,App Mobile
3184,659,155,3,46.07,46.07,0,0.00%,0,138.21,17/4/2025,App Mobile,App Mobile
1620,1011,489,3,44.21,44.21,0,0.00%,0,132.63,17/4/2025,App Mobile,App Mobile
976,779,280,3,44.14,44.14,0,0.00%,0,132.42,17/4/2025,App Mobile,App Mobile
2987,1086,490,3,39.42,39.42,0,0.00%,0,118.26,17/4/2025,E-commerce,Website Banner
2773,863,269,4,77.59,77.59,0,0.00%,0,310.36,17/4/2025,E-commerce,Website Banner
1243,659,31,4,69.82,69.82,0,0.00%,0,279.28,17/4/2025,App Mobile,App Mobile
2486,466,340,4,60.83,60.83,0,0.00%,0,243.32,17/4/2025,E-commerce,Website Banner
2209,990,291,4,59.56,59.56,0,0.00%,0,238.24,17/4/2025,App Mobile,App Mobile
827,990,126,4,55.03,55.03,0,0.00%,0,220.12,17/4/2025,App Mobile,App Mobile
348,945,61,4,50.88,50.88,0,0.00%,0,203.52,17/4/2025,E-commerce,Website Banner
3273,1186,157,4,41.56,41.56,0,0.00%,0,166.24,17/4/2025,E-commerce,Website Banner
2928,55,283,4,39.62,39.62,0,0.00%,0,158.48,17/4/2025,E-commerce,Website Banner
1610,1086,397,4,26.48,26.48,0,0.00%,0,105.92,17/4/2025,E-commerce,Website Banner
2552,1186,398,5,71.15,71.15,0,0.00%,0,355.75,17/4/2025,E-commerce,Website Banner
1613,1047,112,5,61.2,61.2,0,0.00%,0,306,17/4/2025,E-commerce,Website Banner
1513,466,442,5,53.27,53.27,0,0.00%,0,266.35,17/4/2025,E-commerce,Website Banner
1353,846,394,5,52.58,52.58,0,0.00%,0,262.9,17/4/2025,App Mobile,App Mobile
803,164,455,5,48.03,48.03,0,0.00%,0,240.15,17/4/2025,App Mobile,App Mobile
1864,659,376,5,38.52,38.52,0,0.00%,0,192.6,17/4/2025,App Mobile,App Mobile
2501,55,462,5,28.58,28.58,0,0.00%,0,142.9,17/4/2025,E-commerce,Website Banner
2954,430,422,1,55.91,55.91,0,0.00%,0,55.91,18/4/2025,E-commerce,Website Banner
2384,220,124,1,55.04,55.04,0,0.00%,0,55.04,18/4/2025,E-commerce,Website Banner
2074,389,219,1,49.76,49.76,0,0.00%,0,49.76,18/4/2025,E-commerce,Website Banner
1805,252,447,1,47.66,47.66,0,0.00%,0,47.66,18/4/2025,App Mobile,App Mobile
3365,705,495,1,36.65,36.65,0,0.00%,0,36.65,18/4/2025,E-commerce,Website Banner
928,907,401,1,30.83,30.83,0,0.00%,0,30.83,18/4/2025,E-commerce,Website Banner
2809,359,401,1,30.83,30.83,0,0.00%,0,30.83,18/4/2025,App Mobile,App Mobile
2715,175,60,2,81.7,81.7,0,0.00%,0,163.4,18/4/2025,App Mobile,App Mobile
1188,220,469,2,64.08,64.08,0,0.00%,0,128.16,18/4/2025,E-commerce,Website Banner
1998,637,152,2,61.7,61.7,0,0.00%,0,123.4,18/4/2025,App Mobile,App Mobile
3318,175,223,2,57.36,57.36,0,0.00%,0,114.72,18/4/2025,App Mobile,App Mobile
3064,430,45,2,54.16,54.16,0,0.00%,0,108.32,18/4/2025,E-commerce,Website Banner
3170,637,219,2,49.76,49.76,0,0.00%,0,99.52,18/4/2025,App Mobile,App Mobile
2479,714,200,2,46.41,46.41,0,0.00%,0,92.82,18/4/2025,App Mobile,App Mobile
1471,890,280,2,44.14,44.14,0,0.00%,0,88.28,18/4/2025,E-commerce,Website Banner
3286,714,280,2,44.14,44.14,0,0.00%,0,88.28,18/4/2025,App Mobile,App Mobile
624,184,302,2,43.4,43.4,0,0.00%,0,86.8,18/4/2025,E-commerce,Website Banner
3327,562,86,2,41.26,41.26,0,0.00%,0,82.52,18/4/2025,App Mobile,App Mobile
1757,1111,325,2,39.78,39.78,0,0.00%,0,79.56,18/4/2025,App Mobile,App Mobile
2836,637,500,2,38.03,38.03,0,0.00%,0,76.06,18/4/2025,App Mobile,App Mobile
1932,389,58,2,35.81,35.81,0,0.00%,0,71.62,18/4/2025,E-commerce,Website Banner
1373,175,452,2,30.85,30.85,0,0.00%,0,61.7,18/4/2025,App Mobile,App Mobile
1794,275,452,2,30.85,30.85,0,0.00%,0,61.7,18/4/2025,App Mobile,App Mobile
2136,907,310,3,72.1,72.1,0,0.00%,0,216.3,18/4/2025,E-commerce,Website Banner
2497,640,360,3,69.48,69.48,0,0.00%,0,208.44,18/4/2025,App Mobile,App Mobile
2026,430,129,3,60.68,60.68,0,0.00%,0,182.04,18/4/2025,E-commerce,Website Banner
3042,275,117,3,56.06,56.06,0,0.00%,0,168.18,18/4/2025,App Mobile,App Mobile
2300,640,262,3,52.94,52.94,0,0.00%,0,158.82,18/4/2025,App Mobile,App Mobile
3016,184,25,3,52.94,52.94,0,0.00%,0,158.82,18/4/2025,E-commerce,Website Banner
1747,252,480,3,51.63,51.63,0,0.00%,0,154.89,18/4/2025,App Mobile,App Mobile
2618,705,37,3,51.33,51.33,0,0.00%,0,153.99,18/4/2025,E-commerce,Website Banner
144,389,121,3,47.91,47.91,0,0.00%,0,143.73,18/4/2025,E-commerce,Website Banner
1766,1111,423,3,41.64,41.64,0,0.00%,0,124.92,18/4/2025,App Mobile,App Mobile
1395,1064,105,3,36.9,36.9,0,0.00%,0,110.7,18/4/2025,E-commerce,Website Banner
2348,310,259,3,35.73,35.73,0,0.00%,0,107.19,18/4/2025,E-commerce,Website Banner
1409,562,474,4,68.47,68.47,0,0.00%,0,273.88,18/4/2025,App Mobile,App Mobile
3203,1183,19,4,65.26,65.26,0,0.00%,0,261.04,18/4/2025,App Mobile,App Mobile
1960,310,406,4,53.74,53.74,0,0.00%,0,214.96,18/4/2025,E-commerce,Website Banner
196,597,76,4,51.7,51.7,0,0.00%,0,206.8,18/4/2025,App Mobile,App Mobile
2774,1183,450,4,50.85,50.85,0,0.00%,0,203.4,18/4/2025,App Mobile,App Mobile
2030,359,229,4,45.58,45.58,0,0.00%,0,182.32,18/4/2025,App Mobile,App Mobile
1001,310,20,4,45.42,45.42,0,0.00%,0,181.68,18/4/2025,E-commerce,Website Banner
1316,275,16,4,40.36,40.36,0,0.00%,0,161.44,18/4/2025,App Mobile,App Mobile
1364,597,92,4,40.25,40.25,0,0.00%,0,161,18/4/2025,App Mobile,App Mobile
80,184,490,4,39.42,39.42,0,0.00%,0,157.68,18/4/2025,E-commerce,Website Banner
1443,252,338,4,33.39,33.39,0,0.00%,0,133.56,18/4/2025,App Mobile,App Mobile
250,597,98,5,78.52,78.52,0,0.00%,0,392.6,18/4/2025,App Mobile,App Mobile
2894,359,392,5,75.47,75.47,0,0.00%,0,377.35,18/4/2025,App Mobile,App Mobile
1048,220,474,5,68.47,68.47,0,0.00%,0,342.35,18/4/2025,E-commerce,Website Banner
701,890,118,5,46.99,46.99,0,0.00%,0,234.95,18/4/2025,E-commerce,Website Banner
3341,562,204,5,39.2,39.2,0,0.00%,0,196,18/4/2025,App Mobile,App Mobile
1819,1064,454,5,35.16,35.16,0,0.00%,0,175.8,18/4/2025,E-commerce,Website Banner
885,640,401,5,30.83,30.83,0,0.00%,0,154.15,18/4/2025,App Mobile,App Mobile
2727,486,483,1,60.89,60.89,0,0.00%,0,60.89,19/4/2025,App Mobile,App Mobile
1501,1224,458,1,53.35,53.35,0,0.00%,0,53.35,19/4/2025,E-commerce,Website Banner
1150,128,75,1,52.83,52.83,0,0.00%,0,52.83,19/4/2025,E-commerce,Website Banner
1300,128,440,1,52.08,52.08,0,0.00%,0,52.08,19/4/2025,E-commerce,Website Banner
2591,274,94,1,45.8,45.8,0,0.00%,0,45.8,19/4/2025,E-commerce,Website Banner
2724,486,423,1,41.64,41.64,0,0.00%,0,41.64,19/4/2025,App Mobile,App Mobile
2048,618,471,1,40.92,40.92,0,0.00%,0,40.92,19/4/2025,App Mobile,App Mobile
599,274,256,1,38.41,38.41,0,0.00%,0,38.41,19/4/2025,E-commerce,Website Banner
242,124,387,1,38.06,38.06,0,0.00%,0,38.06,19/4/2025,E-commerce,Website Banner
1060,447,387,1,38.06,38.06,0,0.00%,0,38.06,19/4/2025,App Mobile,App Mobile
92,1327,414,1,35.2,35.2,0,0.00%,0,35.2,19/4/2025,E-commerce,Website Banner
1562,1113,206,2,63.03,63.03,0,0.00%,0,126.06,19/4/2025,App Mobile,App Mobile
979,530,152,2,61.7,61.7,0,0.00%,0,123.4,19/4/2025,App Mobile,App Mobile
3044,767,15,2,61.26,61.26,0,0.00%,0,122.52,19/4/2025,App Mobile,App Mobile
2492,880,129,2,60.68,60.68,0,0.00%,0,121.36,19/4/2025,App Mobile,App Mobile
2261,1224,391,2,59.77,59.77,0,0.00%,0,119.54,19/4/2025,E-commerce,Website Banner
2222,1160,103,2,57,57,0,0.00%,0,114,19/4/2025,E-commerce,Website Banner
2233,447,103,2,57,57,0,0.00%,0,114,19/4/2025,App Mobile,App Mobile
2330,124,117,2,56.06,56.06,0,0.00%,0,112.12,19/4/2025,E-commerce,Website Banner
2900,350,175,2,49.16,49.16,0,0.00%,0,98.32,19/4/2025,E-commerce,Website Banner
913,850,130,2,49.12,49.12,0,0.00%,0,98.24,19/4/2025,E-commerce,Website Banner
750,326,460,2,48.64,48.64,0,0.00%,0,97.28,19/4/2025,E-commerce,Website Banner
2797,1049,179,2,44.59,44.59,0,0.00%,0,89.18,19/4/2025,App Mobile,App Mobile
1344,1327,113,2,39.18,39.18,0,0.00%,0,78.36,19/4/2025,E-commerce,Website Banner
2775,274,151,2,36.47,36.47,0,0.00%,0,72.94,19/4/2025,E-commerce,Website Banner
2605,618,259,2,35.73,35.73,0,0.00%,0,71.46,19/4/2025,App Mobile,App Mobile
1563,350,260,3,64.28,64.28,0,0.00%,0,192.84,19/4/2025,E-commerce,Website Banner
1623,486,236,3,62.93,62.93,0,0.00%,0,188.79,19/4/2025,App Mobile,App Mobile
2210,1113,390,3,59.33,59.33,0,0.00%,0,177.99,19/4/2025,App Mobile,App Mobile
1191,1309,47,3,53.73,53.73,0,0.00%,0,161.19,19/4/2025,App Mobile,App Mobile
59,1206,75,3,52.83,52.83,0,0.00%,0,158.49,19/4/2025,E-commerce,Website Banner
2617,1309,261,3,46.1,46.1,0,0.00%,0,138.3,19/4/2025,App Mobile,App Mobile
2783,880,16,3,40.36,40.36,0,0.00%,0,121.08,19/4/2025,App Mobile,App Mobile
1645,618,484,3,38.49,38.49,0,0.00%,0,115.47,19/4/2025,App Mobile,App Mobile
1708,124,418,3,31.84,31.84,0,0.00%,0,95.52,19/4/2025,E-commerce,Website Banner
2147,326,392,4,75.47,75.47,0,0.00%,0,301.88,19/4/2025,E-commerce,Website Banner
2255,447,270,4,70.46,70.46,0,0.00%,0,281.84,19/4/2025,App Mobile,App Mobile
2735,326,307,4,66.87,66.87,0,0.00%,0,267.48,19/4/2025,E-commerce,Website Banner
2619,790,19,4,65.26,65.26,0,0.00%,0,261.04,19/4/2025,E-commerce,Website Banner
925,350,291,4,59.56,59.56,0,0.00%,0,238.24,19/4/2025,E-commerce,Website Banner
2665,530,63,4,58.67,58.67,0,0.00%,0,234.68,19/4/2025,App Mobile,App Mobile
2133,903,217,4,52.12,52.12,0,0.00%,0,208.48,19/4/2025,App Mobile,App Mobile
442,530,68,4,47.27,47.27,0,0.00%,0,189.08,19/4/2025,App Mobile,App Mobile
472,128,55,4,44.32,44.32,0,0.00%,0,177.28,19/4/2025,E-commerce,Website Banner
1330,1115,362,4,32.64,32.64,0,0.00%,0,130.56,19/4/2025,E-commerce,Website Banner
2432,790,448,5,75.62,75.62,0,0.00%,0,378.1,19/4/2025,E-commerce,Website Banner
2947,850,116,5,74.81,74.81,0,0.00%,0,374.05,19/4/2025,E-commerce,Website Banner
540,1115,327,5,74.24,74.24,0,0.00%,0,371.2,19/4/2025,E-commerce,Website Banner
2694,767,433,5,60.12,60.12,0,0.00%,0,300.6,19/4/2025,App Mobile,App Mobile
475,716,445,5,52.28,52.28,0,0.00%,0,261.4,19/4/2025,E-commerce,Website Banner
3021,903,482,5,47.59,47.59,0,0.00%,0,237.95,19/4/2025,App Mobile,App Mobile
3122,716,322,5,44.45,44.45,0,0.00%,0,222.25,19/4/2025,E-commerce,Website Banner
2503,1160,135,5,42.47,42.47,0,0.00%,0,212.35,19/4/2025,E-commerce,Website Banner
2172,1049,1,5,40.41,40.41,0,0.00%,0,202.05,19/4/2025,App Mobile,App Mobile
3050,1206,431,5,30.41,30.41,0,0.00%,0,152.05,19/4/2025,E-commerce,Website Banner
1138,991,224,1,75.4,75.4,0,0.00%,0,75.4,20/4/2025,App Mobile,App Mobile
2426,144,42,1,54.2,54.2,0,0.00%,0,54.2,20/4/2025,App Mobile,App Mobile
565,432,184,1,44.08,44.08,0,0.00%,0,44.08,20/4/2025,E-commerce,Website Banner
1957,96,434,1,43.14,43.14,0,0.00%,0,43.14,20/4/2025,E-commerce,Website Banner
2563,132,377,1,42.5,42.5,0,0.00%,0,42.5,20/4/2025,App Mobile,App Mobile
2863,144,91,1,33.95,33.95,0,0.00%,0,33.95,20/4/2025,App Mobile,App Mobile
733,467,95,1,31.15,31.15,0,0.00%,0,31.15,20/4/2025,App Mobile,App Mobile
560,978,358,2,71.86,71.86,0,0.00%,0,143.72,20/4/2025,E-commerce,Website Banner
2376,991,323,2,62.34,62.34,0,0.00%,0,124.68,20/4/2025,App Mobile,App Mobile
2225,915,352,2,61.12,61.12,0,0.00%,0,122.24,20/4/2025,E-commerce,Website Banner
2337,104,52,2,53.61,53.61,0,0.00%,0,107.22,20/4/2025,App Mobile,App Mobile
374,387,74,2,40.94,40.94,0,0.00%,0,81.88,20/4/2025,E-commerce,Website Banner
3162,371,467,2,39.22,39.22,0,0.00%,0,78.44,20/4/2025,E-commerce,Website Banner
991,371,30,2,31.09,31.09,0,0.00%,0,62.18,20/4/2025,E-commerce,Website Banner
1704,1209,120,2,25.7,25.7,0,0.00%,0,51.4,20/4/2025,E-commerce,Website Banner
1611,820,166,3,65.26,65.26,0,0.00%,0,195.78,20/4/2025,E-commerce,Website Banner
1870,96,378,3,62.39,62.39,0,0.00%,0,187.17,20/4/2025,E-commerce,Website Banner
1139,1209,432,3,52.39,52.39,0,0.00%,0,157.17,20/4/2025,E-commerce,Website Banner
1032,467,290,3,50.86,50.86,0,0.00%,0,152.58,20/4/2025,App Mobile,App Mobile
644,432,24,3,42.76,42.76,0,0.00%,0,128.28,20/4/2025,E-commerce,Website Banner
859,742,427,3,36.01,36.01,0,0.00%,0,108.03,20/4/2025,App Mobile,App Mobile
1910,104,88,3,29.81,29.81,0,0.00%,0,89.43,20/4/2025,App Mobile,App Mobile
847,371,10,4,79.7,79.7,0,0.00%,0,318.8,20/4/2025,E-commerce,Website Banner
3173,765,296,4,67.07,67.07,0,0.00%,0,268.28,20/4/2025,E-commerce,Website Banner
440,820,239,4,66.99,66.99,0,0.00%,0,267.96,20/4/2025,E-commerce,Website Banner
770,668,464,4,59.58,59.58,0,0.00%,0,238.32,20/4/2025,E-commerce,Website Banner
1832,239,326,4,56.7,56.7,0,0.00%,0,226.8,20/4/2025,E-commerce,Website Banner
3220,978,393,4,52.88,52.88,0,0.00%,0,211.52,20/4/2025,E-commerce,Website Banner
222,144,275,4,52.11,52.11,0,0.00%,0,208.44,20/4/2025,App Mobile,App Mobile
2084,132,200,4,46.41,46.41,0,0.00%,0,185.64,20/4/2025,App Mobile,App Mobile
11,742,88,4,29.81,29.81,0,0.00%,0,119.24,20/4/2025,App Mobile,App Mobile
1886,668,334,4,20.82,20.82,0,0.00%,0,83.28,20/4/2025,E-commerce,Website Banner
3253,104,337,5,71.72,71.72,0,0.00%,0,358.6,20/4/2025,App Mobile,App Mobile
618,96,366,5,58.34,58.34,0,0.00%,0,291.7,20/4/2025,E-commerce,Website Banner
832,765,154,5,53.74,53.74,0,0.00%,0,268.7,20/4/2025,E-commerce,Website Banner
1903,432,426,5,51.97,51.97,0,0.00%,0,259.85,20/4/2025,E-commerce,Website Banner
3302,239,419,5,50.34,50.34,0,0.00%,0,251.7,20/4/2025,E-commerce,Website Banner
990,467,230,5,48.3,48.3,0,0.00%,0,241.5,20/4/2025,App Mobile,App Mobile
919,239,200,5,46.41,46.41,0,0.00%,0,232.05,20/4/2025,E-commerce,Website Banner
2295,132,338,5,33.39,33.39,0,0.00%,0,166.95,20/4/2025,App Mobile,App Mobile
90,387,88,5,29.81,29.81,0,0.00%,0,149.05,20/4/2025,E-commerce,Website Banner
1728,387,174,5,26.41,26.41,0,0.00%,0,132.05,20/4/2025,E-commerce,Website Banner
1748,915,3,5,23.9,23.9,0,0.00%,0,119.5,20/4/2025,E-commerce,Website Banner
730,747,413,1,76.15,76.15,0,0.00%,0,76.15,21/4/2025,App Mobile,App Mobile
1968,338,459,1,75.17,75.17,0,0.00%,0,75.17,21/4/2025,E-commerce,Website Banner
2909,370,131,1,66.63,66.63,0,0.00%,0,66.63,21/4/2025,App Mobile,App Mobile
2601,1344,276,1,64.44,64.44,0,0.00%,0,64.44,21/4/2025,App Mobile,App Mobile
115,230,206,1,63.03,63.03,0,0.00%,0,63.03,21/4/2025,App Mobile,App Mobile
2091,370,483,1,60.89,60.89,0,0.00%,0,60.89,21/4/2025,App Mobile,App Mobile
1263,763,440,1,52.08,52.08,0,0.00%,0,52.08,21/4/2025,E-commerce,Website Banner
862,940,295,1,48.73,48.73,0,0.00%,0,48.73,21/4/2025,App Mobile,App Mobile
495,386,157,1,41.56,41.56,0,0.00%,0,41.56,21/4/2025,App Mobile,App Mobile
2744,842,80,1,31.86,31.86,0,0.00%,0,31.86,21/4/2025,App Mobile,App Mobile
496,32,6,2,70.86,70.86,0,0.00%,0,141.72,21/4/2025,App Mobile,App Mobile
133,407,213,2,57.31,57.31,0,0.00%,0,114.62,21/4/2025,App Mobile,App Mobile
817,566,52,2,53.61,53.61,0,0.00%,0,107.22,21/4/2025,E-commerce,Website Banner
2372,861,25,2,52.94,52.94,0,0.00%,0,105.88,21/4/2025,E-commerce,Website Banner
3225,566,275,2,52.11,52.11,0,0.00%,0,104.22,21/4/2025,E-commerce,Website Banner
1362,400,219,2,49.76,49.76,0,0.00%,0,99.52,21/4/2025,App Mobile,App Mobile
231,386,144,2,41.84,41.84,0,0.00%,0,83.68,21/4/2025,App Mobile,App Mobile
522,370,400,2,29.68,29.68,0,0.00%,0,59.36,21/4/2025,App Mobile,App Mobile
2505,812,235,2,23.68,23.68,0,0.00%,0,47.36,21/4/2025,E-commerce,Website Banner
2027,338,212,3,74.13,74.13,0,0.00%,0,222.39,21/4/2025,E-commerce,Website Banner
1452,400,35,3,61.61,61.61,0,0.00%,0,184.83,21/4/2025,App Mobile,App Mobile
313,747,22,3,58.26,58.26,0,0.00%,0,174.78,21/4/2025,App Mobile,App Mobile
550,795,210,3,57.32,57.32,0,0.00%,0,171.96,21/4/2025,App Mobile,App Mobile
1250,566,288,3,57.11,57.11,0,0.00%,0,171.33,21/4/2025,E-commerce,Website Banner
1568,407,45,3,54.16,54.16,0,0.00%,0,162.48,21/4/2025,App Mobile,App Mobile
266,842,173,3,49.74,49.74,0,0.00%,0,149.22,21/4/2025,App Mobile,App Mobile
1013,1344,498,3,38.33,38.33,0,0.00%,0,114.99,21/4/2025,App Mobile,App Mobile
876,1292,5,3,36.84,36.84,0,0.00%,0,110.52,21/4/2025,E-commerce,Website Banner
802,993,343,3,34.39,34.39,0,0.00%,0,103.17,21/4/2025,E-commerce,Website Banner
3009,795,342,3,34.35,34.35,0,0.00%,0,103.05,21/4/2025,App Mobile,App Mobile
2213,861,459,4,75.17,75.17,0,0.00%,0,300.68,21/4/2025,E-commerce,Website Banner
668,32,192,4,62.48,62.48,0,0.00%,0,249.92,21/4/2025,App Mobile,App Mobile
194,763,115,4,62.27,62.27,0,0.00%,0,249.08,21/4/2025,E-commerce,Website Banner
1446,940,188,4,55.01,55.01,0,0.00%,0,220.04,21/4/2025,App Mobile,App Mobile
2892,230,304,4,54.88,54.88,0,0.00%,0,219.52,21/4/2025,App Mobile,App Mobile
878,400,421,4,50.89,50.89,0,0.00%,0,203.56,21/4/2025,App Mobile,App Mobile
806,230,431,4,30.41,30.41,0,0.00%,0,121.64,21/4/2025,App Mobile,App Mobile
3072,1247,433,5,60.12,60.12,0,0.00%,0,300.6,21/4/2025,E-commerce,Website Banner
1228,407,303,5,56.58,56.58,0,0.00%,0,282.9,21/4/2025,App Mobile,App Mobile
2679,1292,422,5,55.91,55.91,0,0.00%,0,279.55,21/4/2025,E-commerce,Website Banner
1126,100,445,5,52.28,52.28,0,0.00%,0,261.4,21/4/2025,App Mobile,App Mobile
366,100,419,5,50.34,50.34,0,0.00%,0,251.7,21/4/2025,App Mobile,App Mobile
2903,1247,121,5,47.91,47.91,0,0.00%,0,239.55,21/4/2025,E-commerce,Website Banner
2832,993,423,5,41.64,41.64,0,0.00%,0,208.2,21/4/2025,E-commerce,Website Banner
158,812,325,5,39.78,39.78,0,0.00%,0,198.9,21/4/2025,E-commerce,Website Banner
2016,386,143,5,39.75,39.75,0,0.00%,0,198.75,21/4/2025,App Mobile,App Mobile
37,100,139,5,33.59,33.59,0,0.00%,0,167.95,21/4/2025,App Mobile,App Mobile
493,32,88,5,29.81,29.81,0,0.00%,0,149.05,21/4/2025,App Mobile,App Mobile
1764,338,491,5,22.66,22.66,0,0.00%,0,113.3,21/4/2025,E-commerce,Website Banner
2532,639,369,1,43.04,43.04,0,0.00%,0,43.04,22/4/2025,E-commerce,Website Banner
2032,154,325,1,39.78,39.78,0,0.00%,0,39.78,22/4/2025,E-commerce,Website Banner
654,1165,376,1,38.52,38.52,0,0.00%,0,38.52,22/4/2025,E-commerce,Website Banner
1576,1290,414,1,35.2,35.2,0,0.00%,0,35.2,22/4/2025,E-commerce,Website Banner
842,1195,418,1,31.84,31.84,0,0.00%,0,31.84,22/4/2025,App Mobile,App Mobile
203,1152,146,2,81.06,81.06,0,0.00%,0,162.12,22/4/2025,E-commerce,Website Banner
1041,977,206,2,63.03,63.03,0,0.00%,0,126.06,22/4/2025,App Mobile,App Mobile
1553,1290,63,2,58.67,58.67,0,0.00%,0,117.34,22/4/2025,E-commerce,Website Banner
679,1195,133,2,53.05,53.05,0,0.00%,0,106.1,22/4/2025,App Mobile,App Mobile
879,885,28,2,51.18,51.18,0,0.00%,0,102.36,22/4/2025,App Mobile,App Mobile
1275,1016,219,2,49.76,49.76,0,0.00%,0,99.52,22/4/2025,E-commerce,Website Banner
1560,719,482,2,47.59,47.59,0,0.00%,0,95.18,22/4/2025,E-commerce,Website Banner
1758,1263,410,2,47.47,47.47,0,0.00%,0,94.94,22/4/2025,App Mobile,App Mobile
2596,131,228,2,46.89,46.89,0,0.00%,0,93.78,22/4/2025,E-commerce,Website Banner
2678,979,74,2,40.94,40.94,0,0.00%,0,81.88,22/4/2025,E-commerce,Website Banner
871,3,105,2,36.9,36.9,0,0.00%,0,73.8,22/4/2025,App Mobile,App Mobile
2022,534,453,2,32.05,32.05,0,0.00%,0,64.1,22/4/2025,App Mobile,App Mobile
623,1294,418,2,31.84,31.84,0,0.00%,0,63.68,22/4/2025,E-commerce,Website Banner
2893,977,84,2,31.84,31.84,0,0.00%,0,63.68,22/4/2025,App Mobile,App Mobile
1038,1016,206,3,63.03,63.03,0,0.00%,0,189.09,22/4/2025,E-commerce,Website Banner
1288,3,127,3,53.67,53.67,0,0.00%,0,161.01,22/4/2025,App Mobile,App Mobile
988,909,295,3,48.73,48.73,0,0.00%,0,146.19,22/4/2025,App Mobile,App Mobile
2282,979,301,3,48.72,48.72,0,0.00%,0,146.16,22/4/2025,E-commerce,Website Banner
2885,1165,376,3,38.52,38.52,0,0.00%,0,115.56,22/4/2025,E-commerce,Website Banner
2427,3,13,3,34.25,34.25,0,0.00%,0,102.75,22/4/2025,App Mobile,App Mobile
1663,131,459,4,75.17,75.17,0,0.00%,0,300.68,22/4/2025,E-commerce,Website Banner
2174,572,72,4,72.8,72.8,0,0.00%,0,291.2,22/4/2025,App Mobile,App Mobile
3243,1215,323,4,62.34,62.34,0,0.00%,0,249.36,22/4/2025,App Mobile,App Mobile
1580,37,266,4,61.67,61.67,0,0.00%,0,246.68,22/4/2025,App Mobile,App Mobile
1902,131,83,4,57.8,57.8,0,0.00%,0,231.2,22/4/2025,E-commerce,Website Banner
2350,639,156,4,55.52,55.52,0,0.00%,0,222.08,22/4/2025,E-commerce,Website Banner
3269,37,396,4,51,51,0,0.00%,0,204,22/4/2025,App Mobile,App Mobile
2804,737,254,4,47.44,47.44,0,0.00%,0,189.76,22/4/2025,E-commerce,Website Banner
2178,572,484,4,38.49,38.49,0,0.00%,0,153.96,22/4/2025,App Mobile,App Mobile
1008,154,248,4,36.79,36.79,0,0.00%,0,147.16,22/4/2025,E-commerce,Website Banner
541,1263,430,4,33.98,33.98,0,0.00%,0,135.92,22/4/2025,App Mobile,App Mobile
1222,909,206,5,63.03,63.03,0,0.00%,0,315.15,22/4/2025,App Mobile,App Mobile
2508,1215,317,5,62.63,62.63,0,0.00%,0,313.15,22/4/2025,App Mobile,App Mobile
2317,719,223,5,57.36,57.36,0,0.00%,0,286.8,22/4/2025,E-commerce,Website Banner
2422,37,262,5,52.94,52.94,0,0.00%,0,264.7,22/4/2025,App Mobile,App Mobile
298,572,75,5,52.83,52.83,0,0.00%,0,264.15,22/4/2025,App Mobile,App Mobile
830,154,445,5,52.28,52.28,0,0.00%,0,261.4,22/4/2025,E-commerce,Website Banner
3214,639,132,5,46.9,46.9,0,0.00%,0,234.5,22/4/2025,E-commerce,Website Banner
394,727,109,5,45.27,45.27,0,0.00%,0,226.35,22/4/2025,E-commerce,Website Banner
1866,737,231,5,44.06,44.06,0,0.00%,0,220.3,22/4/2025,E-commerce,Website Banner
2,1152,375,5,42.67,42.67,0,0.00%,0,213.35,22/4/2025,E-commerce,Website Banner
1823,1294,492,5,37.12,37.12,0,0.00%,0,185.6,22/4/2025,E-commerce,Website Banner
2534,885,388,5,34.23,34.23,0,0.00%,0,171.15,22/4/2025,App Mobile,App Mobile
402,534,298,5,33.94,33.94,0,0.00%,0,169.7,22/4/2025,App Mobile,App Mobile
3267,534,171,5,30.26,30.26,0,0.00%,0,151.3,22/4/2025,App Mobile,App Mobile
1240,727,334,5,20.82,20.82,0,0.00%,0,104.1,22/4/2025,E-commerce,Website Banner
929,33,353,1,69.54,69.54,0,0.00%,0,69.54,23/4/2025,E-commerce,Website Banner
22,832,360,1,69.48,69.48,0,0.00%,0,69.48,23/4/2025,E-commerce,Website Banner
60,226,428,1,61.22,61.22,0,0.00%,0,61.22,23/4/2025,App Mobile,App Mobile
1551,1339,129,1,60.68,60.68,0,0.00%,0,60.68,23/4/2025,App Mobile,App Mobile
2981,1339,54,1,60.33,60.33,0,0.00%,0,60.33,23/4/2025,App Mobile,App Mobile
1635,616,135,1,42.47,42.47,0,0.00%,0,42.47,23/4/2025,E-commerce,Website Banner
1210,33,452,1,30.85,30.85,0,0.00%,0,30.85,23/4/2025,E-commerce,Website Banner
930,852,337,2,71.72,71.72,0,0.00%,0,143.44,23/4/2025,App Mobile,App Mobile
776,781,399,2,61.6,61.6,0,0.00%,0,123.2,23/4/2025,App Mobile,App Mobile
1292,616,7,2,57.66,57.66,0,0.00%,0,115.32,23/4/2025,E-commerce,Website Banner
2369,781,496,2,54.61,54.61,0,0.00%,0,109.22,23/4/2025,App Mobile,App Mobile
2965,226,137,2,46.52,46.52,0,0.00%,0,93.04,23/4/2025,App Mobile,App Mobile
1798,1280,20,2,45.42,45.42,0,0.00%,0,90.84,23/4/2025,App Mobile,App Mobile
2396,616,102,2,43.06,43.06,0,0.00%,0,86.12,23/4/2025,E-commerce,Website Banner
633,506,309,2,42.14,42.14,0,0.00%,0,84.28,23/4/2025,E-commerce,Website Banner
2003,248,96,2,39.03,39.03,0,0.00%,0,78.06,23/4/2025,App Mobile,App Mobile
349,1280,233,2,38.68,38.68,0,0.00%,0,77.36,23/4/2025,App Mobile,App Mobile
2683,876,387,2,38.06,38.06,0,0.00%,0,76.12,23/4/2025,App Mobile,App Mobile
553,876,338,2,33.39,33.39,0,0.00%,0,66.78,23/4/2025,App Mobile,App Mobile
785,198,466,3,59.9,59.9,0,0.00%,0,179.7,23/4/2025,App Mobile,App Mobile
19,1218,100,3,56.44,56.44,0,0.00%,0,169.32,23/4/2025,App Mobile,App Mobile
1687,1234,132,3,46.9,46.9,0,0.00%,0,140.7,23/4/2025,App Mobile,App Mobile
1064,506,363,3,43.64,43.64,0,0.00%,0,130.92,23/4/2025,E-commerce,Website Banner
205,33,395,3,42.31,42.31,0,0.00%,0,126.93,23/4/2025,E-commerce,Website Banner
783,198,343,3,34.39,34.39,0,0.00%,0,103.17,23/4/2025,App Mobile,App Mobile
1470,248,431,3,30.41,30.41,0,0.00%,0,91.23,23/4/2025,App Mobile,App Mobile
2831,852,352,4,61.12,61.12,0,0.00%,0,244.48,23/4/2025,App Mobile,App Mobile
2137,1234,190,4,49.41,49.41,0,0.00%,0,197.64,23/4/2025,App Mobile,App Mobile
1121,198,411,4,43.94,43.94,0,0.00%,0,175.76,23/4/2025,App Mobile,App Mobile
2266,1218,95,4,31.15,31.15,0,0.00%,0,124.6,23/4/2025,App Mobile,App Mobile
569,506,398,5,71.15,71.15,0,0.00%,0,355.75,23/4/2025,E-commerce,Website Banner
2119,248,134,5,61.75,61.75,0,0.00%,0,308.75,23/4/2025,App Mobile,App Mobile
2711,226,190,5,49.41,49.41,0,0.00%,0,247.05,23/4/2025,App Mobile,App Mobile
801,866,102,5,43.06,43.06,0,0.00%,0,215.3,23/4/2025,App Mobile,App Mobile
148,832,490,5,39.42,39.42,0,0.00%,0,197.1,23/4/2025,E-commerce,Website Banner
2189,866,204,5,39.2,39.2,0,0.00%,0,196,23/4/2025,App Mobile,App Mobile
1044,626,50,1,61.95,61.95,0,0.00%,0,61.95,24/4/2025,App Mobile,App Mobile
2065,231,145,1,58.25,58.25,0,0.00%,0,58.25,24/4/2025,E-commerce,Website Banner
154,643,455,1,48.03,48.03,0,0.00%,0,48.03,24/4/2025,E-commerce,Website Banner
2655,626,184,1,44.08,44.08,0,0.00%,0,44.08,24/4/2025,App Mobile,App Mobile
1749,925,309,1,42.14,42.14,0,0.00%,0,42.14,24/4/2025,E-commerce,Website Banner
1477,626,86,1,41.26,41.26,0,0.00%,0,41.26,24/4/2025,App Mobile,App Mobile
2878,1253,174,1,26.41,26.41,0,0.00%,0,26.41,24/4/2025,E-commerce,Website Banner
1795,1335,458,2,53.35,53.35,0,0.00%,0,106.7,24/4/2025,App Mobile,App Mobile
2705,1052,77,2,52.38,52.38,0,0.00%,0,104.76,24/4/2025,E-commerce,Website Banner
146,330,158,2,45.15,45.15,0,0.00%,0,90.3,24/4/2025,E-commerce,Website Banner
2518,1052,149,2,42.24,42.24,0,0.00%,0,84.48,24/4/2025,E-commerce,Website Banner
2663,360,84,2,31.84,31.84,0,0.00%,0,63.68,24/4/2025,App Mobile,App Mobile
1019,231,88,2,29.81,29.81,0,0.00%,0,59.62,24/4/2025,E-commerce,Website Banner
2418,823,391,3,59.77,59.77,0,0.00%,0,179.31,24/4/2025,App Mobile,App Mobile
2058,1189,78,3,59.21,59.21,0,0.00%,0,177.63,24/4/2025,E-commerce,Website Banner
1803,330,267,3,53.91,53.91,0,0.00%,0,161.73,24/4/2025,E-commerce,Website Banner
816,231,307,4,66.87,66.87,0,0.00%,0,267.48,24/4/2025,E-commerce,Website Banner
1600,1253,332,4,65.88,65.88,0,0.00%,0,263.52,24/4/2025,E-commerce,Website Banner
3223,643,291,4,59.56,59.56,0,0.00%,0,238.24,24/4/2025,E-commerce,Website Banner
2976,643,446,4,55.14,55.14,0,0.00%,0,220.56,24/4/2025,E-commerce,Website Banner
3000,480,185,4,47.73,47.73,0,0.00%,0,190.92,24/4/2025,E-commerce,Website Banner
3012,1270,132,4,46.9,46.9,0,0.00%,0,187.6,24/4/2025,App Mobile,App Mobile
3358,655,165,4,42.67,42.67,0,0.00%,0,170.68,24/4/2025,E-commerce,Website Banner
155,695,233,4,38.68,38.68,0,0.00%,0,154.72,24/4/2025,App Mobile,App Mobile
3367,1335,41,4,37.94,37.94,0,0.00%,0,151.76,24/4/2025,App Mobile,App Mobile
36,655,330,4,33.94,33.94,0,0.00%,0,135.76,24/4/2025,E-commerce,Website Banner
571,480,385,5,63.23,63.23,0,0.00%,0,316.15,24/4/2025,E-commerce,Website Banner
1382,480,236,5,62.93,62.93,0,0.00%,0,314.65,24/4/2025,E-commerce,Website Banner
981,360,134,5,61.75,61.75,0,0.00%,0,308.75,24/4/2025,App Mobile,App Mobile
520,330,125,5,61.27,61.27,0,0.00%,0,306.35,24/4/2025,E-commerce,Website Banner
247,823,54,5,60.33,60.33,0,0.00%,0,301.65,24/4/2025,App Mobile,App Mobile
1146,925,412,5,60.33,60.33,0,0.00%,0,301.65,24/4/2025,E-commerce,Website Banner
1239,695,303,5,56.58,56.58,0,0.00%,0,282.9,24/4/2025,App Mobile,App Mobile
1152,1189,73,5,53.25,53.25,0,0.00%,0,266.25,24/4/2025,E-commerce,Website Banner
1369,655,18,5,40.99,40.99,0,0.00%,0,204.95,24/4/2025,E-commerce,Website Banner
1337,360,467,5,39.22,39.22,0,0.00%,0,196.1,24/4/2025,App Mobile,App Mobile
1104,1270,114,5,21.53,21.53,0,0.00%,0,107.65,24/4/2025,App Mobile,App Mobile
143,557,99,1,59.78,59.78,0,0.00%,0,59.78,25/4/2025,App Mobile,App Mobile
1991,89,464,1,59.58,59.58,0,0.00%,0,59.58,25/4/2025,E-commerce,Website Banner
3198,578,107,1,55.06,55.06,0,0.00%,0,55.06,25/4/2025,App Mobile,App Mobile
260,1112,394,1,52.58,52.58,0,0.00%,0,52.58,25/4/2025,App Mobile,App Mobile
2951,114,76,1,51.7,51.7,0,0.00%,0,51.7,25/4/2025,App Mobile,App Mobile
1949,1184,367,1,51.38,51.38,0,0.00%,0,51.38,25/4/2025,App Mobile,App Mobile
1176,160,150,1,50.04,50.04,0,0.00%,0,50.04,25/4/2025,App Mobile,App Mobile
2677,89,173,1,49.74,49.74,0,0.00%,0,49.74,25/4/2025,E-commerce,Website Banner
591,224,137,1,46.52,46.52,0,0.00%,0,46.52,25/4/2025,App Mobile,App Mobile
2470,121,158,1,45.15,45.15,0,0.00%,0,45.15,25/4/2025,App Mobile,App Mobile
1817,106,178,1,39.34,39.34,0,0.00%,0,39.34,25/4/2025,E-commerce,Website Banner
3356,1133,249,1,28.42,28.42,0,0.00%,0,28.42,25/4/2025,E-commerce,Website Banner
89,114,114,1,21.53,21.53,0,0.00%,0,21.53,25/4/2025,App Mobile,App Mobile
1313,578,487,2,49.84,49.84,0,0.00%,0,99.68,25/4/2025,App Mobile,App Mobile
873,29,68,2,47.27,47.27,0,0.00%,0,94.54,25/4/2025,App Mobile,App Mobile
3041,106,136,2,46.8,46.8,0,0.00%,0,93.6,25/4/2025,E-commerce,Website Banner
291,452,363,2,43.64,43.64,0,0.00%,0,87.28,25/4/2025,App Mobile,App Mobile
2625,952,309,2,42.14,42.14,0,0.00%,0,84.28,25/4/2025,E-commerce,Website Banner
2206,1184,208,2,37.45,37.45,0,0.00%,0,74.9,25/4/2025,App Mobile,App Mobile
137,29,356,3,72.41,72.41,0,0.00%,0,217.23,25/4/2025,App Mobile,App Mobile
290,1112,384,3,58.94,58.94,0,0.00%,0,176.82,25/4/2025,App Mobile,App Mobile
477,952,225,3,58.11,58.11,0,0.00%,0,174.33,25/4/2025,E-commerce,Website Banner
1327,548,485,3,56.2,56.2,0,0.00%,0,168.6,25/4/2025,App Mobile,App Mobile
167,106,97,3,55.27,55.27,0,0.00%,0,165.81,25/4/2025,E-commerce,Website Banner
2346,452,264,3,55.01,55.01,0,0.00%,0,165.03,25/4/2025,App Mobile,App Mobile
2660,557,52,3,53.61,53.61,0,0.00%,0,160.83,25/4/2025,App Mobile,App Mobile
1255,672,300,3,48.88,48.88,0,0.00%,0,146.64,25/4/2025,App Mobile,App Mobile
3039,29,322,3,44.45,44.45,0,0.00%,0,133.35,25/4/2025,App Mobile,App Mobile
2041,189,376,3,38.52,38.52,0,0.00%,0,115.56,25/4/2025,E-commerce,Website Banner
850,452,81,3,29.63,29.63,0,0.00%,0,88.89,25/4/2025,App Mobile,App Mobile
431,160,60,4,81.7,81.7,0,0.00%,0,326.8,25/4/2025,App Mobile,App Mobile
2162,548,435,4,64.5,64.5,0,0.00%,0,258,25/4/2025,App Mobile,App Mobile
532,121,153,4,52.36,52.36,0,0.00%,0,209.44,25/4/2025,App Mobile,App Mobile
3174,224,445,4,52.28,52.28,0,0.00%,0,209.12,25/4/2025,App Mobile,App Mobile
3011,114,468,4,51.8,51.8,0,0.00%,0,207.2,25/4/2025,App Mobile,App Mobile
3309,89,273,4,50.72,50.72,0,0.00%,0,202.88,25/4/2025,E-commerce,Website Banner
2054,578,488,4,50.68,50.68,0,0.00%,0,202.72,25/4/2025,App Mobile,App Mobile
1248,672,447,4,47.66,47.66,0,0.00%,0,190.64,25/4/2025,App Mobile,App Mobile
455,1133,201,4,45.62,45.62,0,0.00%,0,182.48,25/4/2025,E-commerce,Website Banner
1107,189,441,4,36.99,36.99,0,0.00%,0,147.96,25/4/2025,E-commerce,Website Banner
102,224,270,5,70.46,70.46,0,0.00%,0,352.3,25/4/2025,App Mobile,App Mobile
2309,121,323,5,62.34,62.34,0,0.00%,0,311.7,25/4/2025,App Mobile,App Mobile
2216,160,493,5,57.37,57.37,0,0.00%,0,286.85,25/4/2025,App Mobile,App Mobile
677,548,144,5,41.84,41.84,0,0.00%,0,209.2,25/4/2025,App Mobile,App Mobile
3193,557,9,5,40.5,40.5,0,0.00%,0,202.5,25/4/2025,App Mobile,App Mobile
3296,189,114,5,21.53,21.53,0,0.00%,0,107.65,25/4/2025,E-commerce,Website Banner
3167,306,486,1,68.03,68.03,0,0.00%,0,68.03,26/4/2025,E-commerce,Website Banner
731,539,303,1,56.58,56.58,0,0.00%,0,56.58,26/4/2025,E-commerce,Website Banner
610,749,458,1,53.35,53.35,0,0.00%,0,53.35,26/4/2025,E-commerce,Website Banner
1005,543,203,1,52.1,52.1,0,0.00%,0,52.1,26/4/2025,E-commerce,Website Banner
606,1331,440,1,52.08,52.08,0,0.00%,0,52.08,26/4/2025,App Mobile,App Mobile
2089,622,396,1,51,51,0,0.00%,0,51,26/4/2025,E-commerce,Website Banner
1119,484,277,1,43.92,43.92,0,0.00%,0,43.92,26/4/2025,App Mobile,App Mobile
923,908,202,1,41.88,41.88,0,0.00%,0,41.88,26/4/2025,App Mobile,App Mobile
1806,306,86,1,41.26,41.26,0,0.00%,0,41.26,26/4/2025,E-commerce,Website Banner
3196,622,46,1,25.15,25.15,0,0.00%,0,25.15,26/4/2025,E-commerce,Website Banner
2395,622,78,2,59.21,59.21,0,0.00%,0,118.42,26/4/2025,E-commerce,Website Banner
630,967,493,2,57.37,57.37,0,0.00%,0,114.74,26/4/2025,App Mobile,App Mobile
1389,484,301,2,48.72,48.72,0,0.00%,0,97.44,26/4/2025,App Mobile,App Mobile
515,484,91,2,33.95,33.95,0,0.00%,0,67.9,26/4/2025,App Mobile,App Mobile
652,819,355,2,21.38,21.38,0,0.00%,0,42.76,26/4/2025,E-commerce,Website Banner
1720,382,384,3,58.94,58.94,0,0.00%,0,176.82,26/4/2025,E-commerce,Website Banner
2087,1161,494,3,53.52,53.52,0,0.00%,0,160.56,26/4/2025,App Mobile,App Mobile
465,500,76,3,51.7,51.7,0,0.00%,0,155.1,26/4/2025,E-commerce,Website Banner
1541,306,232,3,49.34,49.34,0,0.00%,0,148.02,26/4/2025,E-commerce,Website Banner
962,543,339,3,30.35,30.35,0,0.00%,0,91.05,26/4/2025,E-commerce,Website Banner
3111,757,88,3,29.81,29.81,0,0.00%,0,89.43,26/4/2025,E-commerce,Website Banner
1510,500,297,4,65.17,65.17,0,0.00%,0,260.68,26/4/2025,E-commerce,Website Banner
1801,543,297,4,65.17,65.17,0,0.00%,0,260.68,26/4/2025,E-commerce,Website Banner
486,357,247,4,58.86,58.86,0,0.00%,0,235.44,26/4/2025,E-commerce,Website Banner
1711,1315,485,4,56.2,56.2,0,0.00%,0,224.8,26/4/2025,App Mobile,App Mobile
788,357,370,4,50.34,50.34,0,0.00%,0,201.36,26/4/2025,E-commerce,Website Banner
775,749,228,4,46.89,46.89,0,0.00%,0,187.56,26/4/2025,E-commerce,Website Banner
2507,1315,351,4,46.11,46.11,0,0.00%,0,184.44,26/4/2025,App Mobile,App Mobile
117,908,201,4,45.62,45.62,0,0.00%,0,182.48,26/4/2025,App Mobile,App Mobile
2339,161,12,4,44.77,44.77,0,0.00%,0,179.08,26/4/2025,App Mobile,App Mobile
1249,161,489,4,44.21,44.21,0,0.00%,0,176.84,26/4/2025,App Mobile,App Mobile
3048,967,172,4,41.7,41.7,0,0.00%,0,166.8,26/4/2025,App Mobile,App Mobile
1739,382,452,4,30.85,30.85,0,0.00%,0,123.4,26/4/2025,E-commerce,Website Banner
2223,1161,431,4,30.41,30.41,0,0.00%,0,121.64,26/4/2025,App Mobile,App Mobile
1908,357,176,4,27.94,27.94,0,0.00%,0,111.76,26/4/2025,E-commerce,Website Banner
720,819,46,4,25.15,25.15,0,0.00%,0,100.6,26/4/2025,E-commerce,Website Banner
1643,382,2,5,78.45,78.45,0,0.00%,0,392.25,26/4/2025,E-commerce,Website Banner
139,500,147,5,52.91,52.91,0,0.00%,0,264.55,26/4/2025,E-commerce,Website Banner
2374,161,253,5,50.55,50.55,0,0.00%,0,252.75,26/4/2025,App Mobile,App Mobile
2487,539,228,5,46.89,46.89,0,0.00%,0,234.45,26/4/2025,E-commerce,Website Banner
2051,757,184,5,44.08,44.08,0,0.00%,0,220.4,26/4/2025,E-commerce,Website Banner
3081,539,329,5,43.09,43.09,0,0.00%,0,215.45,26/4/2025,E-commerce,Website Banner
2268,1331,18,5,40.99,40.99,0,0.00%,0,204.95,26/4/2025,App Mobile,App Mobile
67,1329,287,1,60.34,60.34,0,0.00%,0,60.34,27/4/2025,App Mobile,App Mobile
3078,435,244,1,59.32,59.32,0,0.00%,0,59.32,27/4/2025,App Mobile,App Mobile
1027,815,264,1,55.01,55.01,0,0.00%,0,55.01,27/4/2025,App Mobile,App Mobile
2959,1004,368,1,53.48,53.48,0,0.00%,0,53.48,27/4/2025,App Mobile,App Mobile
2445,1004,242,1,51.25,51.25,0,0.00%,0,51.25,27/4/2025,App Mobile,App Mobile
2480,384,109,1,45.27,45.27,0,0.00%,0,45.27,27/4/2025,E-commerce,Website Banner
1193,729,55,1,44.32,44.32,0,0.00%,0,44.32,27/4/2025,E-commerce,Website Banner
1143,403,231,1,44.06,44.06,0,0.00%,0,44.06,27/4/2025,App Mobile,App Mobile
1466,1225,151,1,36.47,36.47,0,0.00%,0,36.47,27/4/2025,App Mobile,App Mobile
2163,1329,59,1,34.58,34.58,0,0.00%,0,34.58,27/4/2025,App Mobile,App Mobile
2495,1216,84,1,31.84,31.84,0,0.00%,0,31.84,27/4/2025,App Mobile,App Mobile
1134,253,246,1,28.98,28.98,0,0.00%,0,28.98,27/4/2025,App Mobile,App Mobile
1293,1138,19,2,65.26,65.26,0,0.00%,0,130.52,27/4/2025,E-commerce,Website Banner
1331,541,127,2,53.67,53.67,0,0.00%,0,107.34,27/4/2025,App Mobile,App Mobile
1532,815,25,2,52.94,52.94,0,0.00%,0,105.88,27/4/2025,App Mobile,App Mobile
195,435,17,2,51.9,51.9,0,0.00%,0,103.8,27/4/2025,App Mobile,App Mobile
2033,35,121,2,47.91,47.91,0,0.00%,0,95.82,27/4/2025,E-commerce,Website Banner
3364,808,490,2,39.42,39.42,0,0.00%,0,78.84,27/4/2025,E-commerce,Website Banner
3228,575,438,2,38.74,38.74,0,0.00%,0,77.48,27/4/2025,App Mobile,App Mobile
1845,1216,148,2,36.69,36.69,0,0.00%,0,73.38,27/4/2025,App Mobile,App Mobile
1713,879,364,2,36.34,36.34,0,0.00%,0,72.68,27/4/2025,E-commerce,Website Banner
2256,403,65,2,27.45,27.45,0,0.00%,0,54.9,27/4/2025,App Mobile,App Mobile
3294,1225,166,3,65.26,65.26,0,0.00%,0,195.78,27/4/2025,App Mobile,App Mobile
1418,253,444,3,61.78,61.78,0,0.00%,0,185.34,27/4/2025,App Mobile,App Mobile
807,575,336,3,51.22,51.22,0,0.00%,0,153.66,27/4/2025,App Mobile,App Mobile
2067,879,12,3,44.77,44.77,0,0.00%,0,134.31,27/4/2025,E-commerce,Website Banner
1236,808,241,3,29.82,29.82,0,0.00%,0,89.46,27/4/2025,E-commerce,Website Banner
683,1138,112,4,61.2,61.2,0,0.00%,0,244.8,27/4/2025,E-commerce,Website Banner
1282,811,340,4,60.83,60.83,0,0.00%,0,243.32,27/4/2025,App Mobile,App Mobile
317,403,244,4,59.32,59.32,0,0.00%,0,237.28,27/4/2025,App Mobile,App Mobile
2674,1177,407,4,56.84,56.84,0,0.00%,0,227.36,27/4/2025,E-commerce,Website Banner
3150,253,275,4,52.11,52.11,0,0.00%,0,208.44,27/4/2025,App Mobile,App Mobile
1380,575,395,4,42.31,42.31,0,0.00%,0,169.24,27/4/2025,App Mobile,App Mobile
782,541,113,4,39.18,39.18,0,0.00%,0,156.72,27/4/2025,App Mobile,App Mobile
147,435,343,4,34.39,34.39,0,0.00%,0,137.56,27/4/2025,App Mobile,App Mobile
1644,35,209,4,32.41,32.41,0,0.00%,0,129.64,27/4/2025,E-commerce,Website Banner
952,384,82,4,32.21,32.21,0,0.00%,0,128.84,27/4/2025,E-commerce,Website Banner
1279,729,428,5,61.22,61.22,0,0.00%,0,306.1,27/4/2025,E-commerce,Website Banner
228,384,422,5,55.91,55.91,0,0.00%,0,279.55,27/4/2025,E-commerce,Website Banner
152,541,34,5,48.34,48.34,0,0.00%,0,241.7,27/4/2025,App Mobile,App Mobile
2835,35,172,5,41.7,41.7,0,0.00%,0,208.5,27/4/2025,E-commerce,Website Banner
1544,811,248,5,36.79,36.79,0,0.00%,0,183.95,27/4/2025,App Mobile,App Mobile
55,1177,381,5,35.59,35.59,0,0.00%,0,177.95,27/4/2025,E-commerce,Website Banner
2400,436,38,1,62.8,62.8,0,0.00%,0,62.8,28/4/2025,App Mobile,App Mobile
718,436,317,1,62.63,62.63,0,0.00%,0,62.63,28/4/2025,App Mobile,App Mobile
2803,546,445,1,52.28,52.28,0,0.00%,0,52.28,28/4/2025,E-commerce,Website Banner
1425,1054,181,1,52.18,52.18,0,0.00%,0,52.18,28/4/2025,App Mobile,App Mobile
3037,709,273,1,50.72,50.72,0,0.00%,0,50.72,28/4/2025,App Mobile,App Mobile
2958,853,345,1,46.36,46.36,0,0.00%,0,46.36,28/4/2025,App Mobile,App Mobile
583,441,92,1,40.25,40.25,0,0.00%,0,40.25,28/4/2025,E-commerce,Website Banner
938,745,96,1,39.03,39.03,0,0.00%,0,39.03,28/4/2025,E-commerce,Website Banner
2360,546,164,1,22.96,22.96,0,0.00%,0,22.96,28/4/2025,E-commerce,Website Banner
3149,772,44,2,64.84,64.84,0,0.00%,0,129.68,28/4/2025,E-commerce,Website Banner
2748,853,282,2,52.12,52.12,0,0.00%,0,104.24,28/4/2025,App Mobile,App Mobile
1756,906,460,2,48.64,48.64,0,0.00%,0,97.28,28/4/2025,E-commerce,Website Banner
1540,602,345,2,46.36,46.36,0,0.00%,0,92.72,28/4/2025,E-commerce,Website Banner
3006,745,285,2,40.63,40.63,0,0.00%,0,81.26,28/4/2025,E-commerce,Website Banner
1204,441,93,2,39.18,39.18,0,0.00%,0,78.36,28/4/2025,E-commerce,Website Banner
3020,233,492,2,37.12,37.12,0,0.00%,0,74.24,28/4/2025,E-commerce,Website Banner
1880,23,350,2,27.62,27.62,0,0.00%,0,55.24,28/4/2025,App Mobile,App Mobile
1569,772,250,3,68.22,68.22,0,0.00%,0,204.66,28/4/2025,E-commerce,Website Banner
2896,1237,371,3,63.82,63.82,0,0.00%,0,191.46,28/4/2025,E-commerce,Website Banner
2667,1054,50,3,61.95,61.95,0,0.00%,0,185.85,28/4/2025,App Mobile,App Mobile
3105,305,305,3,60.79,60.79,0,0.00%,0,182.37,28/4/2025,E-commerce,Website Banner
1975,1262,472,3,59.9,59.9,0,0.00%,0,179.7,28/4/2025,E-commerce,Website Banner
1351,475,464,3,59.58,59.58,0,0.00%,0,178.74,28/4/2025,App Mobile,App Mobile
1066,602,103,3,57,57,0,0.00%,0,171,28/4/2025,E-commerce,Website Banner
3008,214,422,3,55.91,55.91,0,0.00%,0,167.73,28/4/2025,App Mobile,App Mobile
68,441,1,3,40.41,40.41,0,0.00%,0,121.23,28/4/2025,E-commerce,Website Banner
2116,305,292,3,40.12,40.12,0,0.00%,0,120.36,28/4/2025,E-commerce,Website Banner
1660,1084,459,4,75.17,75.17,0,0.00%,0,300.68,28/4/2025,E-commerce,Website Banner
1953,23,464,4,59.58,59.58,0,0.00%,0,238.32,28/4/2025,App Mobile,App Mobile
3235,709,366,4,58.34,58.34,0,0.00%,0,233.36,28/4/2025,App Mobile,App Mobile
126,436,124,4,55.04,55.04,0,0.00%,0,220.16,28/4/2025,App Mobile,App Mobile
1213,1312,461,4,54.91,54.91,0,0.00%,0,219.64,28/4/2025,App Mobile,App Mobile
912,214,52,4,53.61,53.61,0,0.00%,0,214.44,28/4/2025,App Mobile,App Mobile
1459,906,150,4,50.04,50.04,0,0.00%,0,200.16,28/4/2025,E-commerce,Website Banner
1305,233,434,4,43.14,43.14,0,0.00%,0,172.56,28/4/2025,E-commerce,Website Banner
1941,1262,289,4,41.51,41.51,0,0.00%,0,166.04,28/4/2025,E-commerce,Website Banner
3323,23,74,4,40.94,40.94,0,0.00%,0,163.76,28/4/2025,App Mobile,App Mobile
1887,233,80,4,31.86,31.86,0,0.00%,0,127.44,28/4/2025,E-commerce,Website Banner
3232,475,339,4,30.35,30.35,0,0.00%,0,121.4,28/4/2025,App Mobile,App Mobile
3204,546,119,4,27.34,27.34,0,0.00%,0,109.36,28/4/2025,E-commerce,Website Banner
948,305,447,5,47.66,47.66,0,0.00%,0,238.3,28/4/2025,E-commerce,Website Banner
385,770,302,5,43.4,43.4,0,0.00%,0,217,28/4/2025,E-commerce,Website Banner
1334,475,24,5,42.76,42.76,0,0.00%,0,213.8,28/4/2025,App Mobile,App Mobile
3351,770,476,5,42.72,42.72,0,0.00%,0,213.6,28/4/2025,E-commerce,Website Banner
761,1312,202,5,41.88,41.88,0,0.00%,0,209.4,28/4/2025,App Mobile,App Mobile
1397,1237,202,5,41.88,41.88,0,0.00%,0,209.4,28/4/2025,E-commerce,Website Banner
1231,214,92,5,40.25,40.25,0,0.00%,0,201.25,28/4/2025,App Mobile,App Mobile
8,1084,96,5,39.03,39.03,0,0.00%,0,195.15,28/4/2025,E-commerce,Website Banner
1312,602,5,5,36.84,36.84,0,0.00%,0,184.2,28/4/2025,E-commerce,Website Banner
705,833,366,1,58.34,58.34,0,0.00%,0,58.34,29/4/2025,E-commerce,Website Banner
2021,1179,366,1,58.34,58.34,0,0.00%,0,58.34,29/4/2025,E-commerce,Website Banner
2939,397,253,1,50.55,50.55,0,0.00%,0,50.55,29/4/2025,E-commerce,Website Banner
1792,284,487,1,49.84,49.84,0,0.00%,0,49.84,29/4/2025,App Mobile,App Mobile
3227,1297,102,1,43.06,43.06,0,0.00%,0,43.06,29/4/2025,App Mobile,App Mobile
2158,448,177,1,42.66,42.66,0,0.00%,0,42.66,29/4/2025,App Mobile,App Mobile
233,1124,208,1,37.45,37.45,0,0.00%,0,37.45,29/4/2025,E-commerce,Website Banner
1163,369,388,1,34.23,34.23,0,0.00%,0,34.23,29/4/2025,E-commerce,Website Banner
970,1158,163,2,76.96,76.96,0,0.00%,0,153.92,29/4/2025,E-commerce,Website Banner
2957,284,116,2,74.81,74.81,0,0.00%,0,149.62,29/4/2025,App Mobile,App Mobile
377,1124,378,2,62.39,62.39,0,0.00%,0,124.78,29/4/2025,E-commerce,Website Banner
978,369,437,2,62.17,62.17,0,0.00%,0,124.34,29/4/2025,E-commerce,Website Banner
1209,262,63,2,58.67,58.67,0,0.00%,0,117.34,29/4/2025,App Mobile,App Mobile
960,262,170,2,51.27,51.27,0,0.00%,0,102.54,29/4/2025,App Mobile,App Mobile
2132,369,43,2,49.4,49.4,0,0.00%,0,98.8,29/4/2025,E-commerce,Website Banner
1512,1158,204,2,39.2,39.2,0,0.00%,0,78.4,29/4/2025,E-commerce,Website Banner
1658,17,51,2,25.38,25.38,0,0.00%,0,50.76,29/4/2025,E-commerce,Website Banner
479,495,420,3,72.58,72.58,0,0.00%,0,217.74,29/4/2025,E-commerce,Website Banner
239,397,310,3,72.1,72.1,0,0.00%,0,216.3,29/4/2025,E-commerce,Website Banner
1776,942,250,3,68.22,68.22,0,0.00%,0,204.66,29/4/2025,E-commerce,Website Banner
777,1179,469,3,64.08,64.08,0,0.00%,0,192.24,29/4/2025,E-commerce,Website Banner
1136,17,371,3,63.82,63.82,0,0.00%,0,191.46,29/4/2025,E-commerce,Website Banner
959,397,372,3,63.79,63.79,0,0.00%,0,191.37,29/4/2025,E-commerce,Website Banner
2301,942,53,3,57.17,57.17,0,0.00%,0,171.51,29/4/2025,E-commerce,Website Banner
1372,833,40,3,53.19,53.19,0,0.00%,0,159.57,29/4/2025,E-commerce,Website Banner
1151,17,250,4,68.22,68.22,0,0.00%,0,272.88,29/4/2025,E-commerce,Website Banner
1759,284,293,4,40.77,40.77,0,0.00%,0,163.08,29/4/2025,App Mobile,App Mobile
3057,448,180,4,38.81,38.81,0,0.00%,0,155.24,29/4/2025,App Mobile,App Mobile
1101,740,492,4,37.12,37.12,0,0.00%,0,148.48,29/4/2025,E-commerce,Website Banner
2650,1252,80,4,31.86,31.86,0,0.00%,0,127.44,29/4/2025,E-commerce,Website Banner
1442,448,339,4,30.35,30.35,0,0.00%,0,121.4,29/4/2025,App Mobile,App Mobile
2609,1252,111,5,60.36,60.36,0,0.00%,0,301.8,29/4/2025,E-commerce,Website Banner
1326,495,54,5,60.33,60.33,0,0.00%,0,301.65,29/4/2025,E-commerce,Website Banner
1416,740,458,5,53.35,53.35,0,0.00%,0,266.75,29/4/2025,E-commerce,Website Banner
2010,262,181,5,52.18,52.18,0,0.00%,0,260.9,29/4/2025,App Mobile,App Mobile
2383,495,181,5,52.18,52.18,0,0.00%,0,260.9,29/4/2025,E-commerce,Website Banner
39,1297,245,5,24.91,24.91,0,0.00%,0,124.55,29/4/2025,App Mobile,App Mobile
2454,1013,420,1,72.58,72.58,0,0.00%,0,72.58,30/4/2025,App Mobile,App Mobile
202,473,398,1,71.15,71.15,0,0.00%,0,71.15,30/4/2025,E-commerce,Website Banner
719,450,478,1,66.52,66.52,0,0.00%,0,66.52,30/4/2025,App Mobile,App Mobile
2291,510,340,1,60.83,60.83,0,0.00%,0,60.83,30/4/2025,E-commerce,Website Banner
1786,607,433,1,60.12,60.12,0,0.00%,0,60.12,30/4/2025,App Mobile,App Mobile
3071,255,160,1,59.38,59.38,0,0.00%,0,59.38,30/4/2025,E-commerce,Website Banner
71,647,22,1,58.26,58.26,0,0.00%,0,58.26,30/4/2025,E-commerce,Website Banner
998,1251,273,1,50.72,50.72,0,0.00%,0,50.72,30/4/2025,App Mobile,App Mobile
2000,537,349,1,46.72,46.72,0,0.00%,0,46.72,30/4/2025,E-commerce,Website Banner
1456,1070,144,1,41.84,41.84,0,0.00%,0,41.84,30/4/2025,App Mobile,App Mobile
2633,255,93,1,39.18,39.18,0,0.00%,0,39.18,30/4/2025,E-commerce,Website Banner
2778,510,243,1,37.06,37.06,0,0.00%,0,37.06,30/4/2025,E-commerce,Website Banner
504,473,249,1,28.42,28.42,0,0.00%,0,28.42,30/4/2025,E-commerce,Website Banner
1942,802,239,2,66.99,66.99,0,0.00%,0,133.98,30/4/2025,App Mobile,App Mobile
2231,450,197,2,66.68,66.68,0,0.00%,0,133.36,30/4/2025,App Mobile,App Mobile
1523,292,347,2,59.92,59.92,0,0.00%,0,119.84,30/4/2025,App Mobile,App Mobile
61,537,154,2,53.74,53.74,0,0.00%,0,107.48,30/4/2025,E-commerce,Website Banner
346,1013,133,2,53.05,53.05,0,0.00%,0,106.1,30/4/2025,App Mobile,App Mobile
308,291,137,2,46.52,46.52,0,0.00%,0,93.04,30/4/2025,E-commerce,Website Banner
1081,255,322,2,44.45,44.45,0,0.00%,0,88.9,30/4/2025,E-commerce,Website Banner
1702,470,92,2,40.25,40.25,0,0.00%,0,80.5,30/4/2025,App Mobile,App Mobile
162,292,500,2,38.03,38.03,0,0.00%,0,76.06,30/4/2025,App Mobile,App Mobile
1080,391,270,3,70.46,70.46,0,0.00%,0,211.38,30/4/2025,E-commerce,Website Banner
883,470,219,3,49.76,49.76,0,0.00%,0,149.28,30/4/2025,App Mobile,App Mobile
3002,556,232,3,49.34,49.34,0,0.00%,0,148.02,30/4/2025,E-commerce,Website Banner
2243,510,369,3,43.04,43.04,0,0.00%,0,129.12,30/4/2025,E-commerce,Website Banner
2855,556,408,3,37.17,37.17,0,0.00%,0,111.51,30/4/2025,E-commerce,Website Banner
282,537,139,3,33.59,33.59,0,0.00%,0,100.77,30/4/2025,E-commerce,Website Banner
1103,470,272,4,74.17,74.17,0,0.00%,0,296.68,30/4/2025,App Mobile,App Mobile
438,391,35,4,61.61,61.61,0,0.00%,0,246.44,30/4/2025,E-commerce,Website Banner
161,1044,271,4,54.28,54.28,0,0.00%,0,217.12,30/4/2025,App Mobile,App Mobile
2522,1044,147,4,52.91,52.91,0,0.00%,0,211.64,30/4/2025,App Mobile,App Mobile
3172,1070,11,4,51.09,51.09,0,0.00%,0,204.36,30/4/2025,App Mobile,App Mobile
2839,607,43,4,49.4,49.4,0,0.00%,0,197.6,30/4/2025,App Mobile,App Mobile
1084,607,343,4,34.39,34.39,0,0.00%,0,137.56,30/4/2025,App Mobile,App Mobile
318,292,339,4,30.35,30.35,0,0.00%,0,121.4,30/4/2025,App Mobile,App Mobile
3083,291,360,5,69.48,69.48,0,0.00%,0,347.4,30/4/2025,E-commerce,Website Banner
2545,450,486,5,68.03,68.03,0,0.00%,0,340.15,30/4/2025,App Mobile,App Mobile
2151,802,276,5,64.44,64.44,0,0.00%,0,322.2,30/4/2025,App Mobile,App Mobile
1241,556,247,5,58.86,58.86,0,0.00%,0,294.3,30/4/2025,E-commerce,Website Banner
50,391,440,5,52.08,52.08,0,0.00%,0,260.4,30/4/2025,E-commerce,Website Banner
2500,291,242,5,51.25,51.25,0,0.00%,0,256.25,30/4/2025,E-commerce,Website Banner
3085,647,5,5,36.84,36.84,0,0.00%,0,184.2,30/4/2025,E-commerce,Website Banner
2963,473,388,5,34.23,34.23,0,0.00%,0,171.15,30/4/2025,E-commerce,Website Banner
2204,1251,431,5,30.41,30.41,0,0.00%,0,152.05,30/4/2025,App Mobile,App Mobile
1634,647,119,5,27.34,27.34,0,0.00%,0,136.7,30/4/2025,E-commerce,Website Banner
1632,1207,26,1,57.48,57.48,0,0.00%,0,57.48,4/5/2025,App Mobile,App Mobile
2276,985,357,1,56.91,56.91,0,0.00%,0,56.91,4/5/2025,E-commerce,Website Banner
2801,116,32,1,54.83,54.83,0,0.00%,0,54.83,4/5/2025,App Mobile,App Mobile
2901,293,394,1,52.58,52.58,0,0.00%,0,52.58,4/5/2025,E-commerce,Website Banner
625,545,468,1,51.8,51.8,0,0.00%,0,51.8,4/5/2025,E-commerce,Website Banner
214,116,230,1,48.3,48.3,0,0.00%,0,48.3,4/5/2025,App Mobile,App Mobile
1669,654,172,1,41.7,41.7,0,0.00%,0,41.7,4/5/2025,App Mobile,App Mobile
1596,200,293,1,40.77,40.77,0,0.00%,0,40.77,4/5/2025,App Mobile,App Mobile
425,545,146,2,81.06,81.06,0,0.00%,0,162.12,4/5/2025,E-commerce,Website Banner
1533,654,163,2,76.96,76.96,0,0.00%,0,153.92,4/5/2025,App Mobile,App Mobile
32,654,197,2,66.68,66.68,0,0.00%,0,133.36,4/5/2025,App Mobile,App Mobile
2706,753,22,2,58.26,58.26,0,0.00%,0,116.52,4/5/2025,App Mobile,App Mobile
107,1096,288,2,57.11,57.11,0,0.00%,0,114.22,4/5/2025,E-commerce,Website Banner
2406,1061,357,2,56.91,56.91,0,0.00%,0,113.82,4/5/2025,App Mobile,App Mobile
26,399,220,2,52.6,52.6,0,0.00%,0,105.2,4/5/2025,App Mobile,App Mobile
2716,1096,77,2,52.38,52.38,0,0.00%,0,104.76,4/5/2025,E-commerce,Website Banner
2924,188,219,2,49.76,49.76,0,0.00%,0,99.52,4/5/2025,E-commerce,Website Banner
3163,116,351,2,46.11,46.11,0,0.00%,0,92.22,4/5/2025,App Mobile,App Mobile
739,200,292,2,40.12,40.12,0,0.00%,0,80.24,4/5/2025,App Mobile,App Mobile
2308,408,475,2,39.69,39.69,0,0.00%,0,79.38,4/5/2025,E-commerce,Website Banner
1055,293,178,2,39.34,39.34,0,0.00%,0,78.68,4/5/2025,E-commerce,Website Banner
1264,188,59,2,34.58,34.58,0,0.00%,0,69.16,4/5/2025,E-commerce,Website Banner
2583,152,3,2,23.9,23.9,0,0.00%,0,47.8,4/5/2025,App Mobile,App Mobile
1802,1001,194,3,64.11,64.11,0,0.00%,0,192.33,4/5/2025,E-commerce,Website Banner
2466,399,192,3,62.48,62.48,0,0.00%,0,187.44,4/5/2025,App Mobile,App Mobile
2334,545,390,3,59.33,59.33,0,0.00%,0,177.99,4/5/2025,E-commerce,Website Banner
3320,288,213,3,57.31,57.31,0,0.00%,0,171.93,4/5/2025,App Mobile,App Mobile
2365,130,133,3,53.05,53.05,0,0.00%,0,159.15,4/5/2025,App Mobile,App Mobile
3188,871,268,3,49.59,49.59,0,0.00%,0,148.77,4/5/2025,E-commerce,Website Banner
1347,408,161,3,45.75,45.75,0,0.00%,0,137.25,4/5/2025,E-commerce,Website Banner
2681,1061,369,3,43.04,43.04,0,0.00%,0,129.12,4/5/2025,App Mobile,App Mobile
529,1001,84,3,31.84,31.84,0,0.00%,0,95.52,4/5/2025,E-commerce,Website Banner
3070,753,56,4,62.92,62.92,0,0.00%,0,251.68,4/5/2025,App Mobile,App Mobile
1655,871,101,4,58.11,58.11,0,0.00%,0,232.44,4/5/2025,E-commerce,Website Banner
1827,408,473,4,57.98,57.98,0,0.00%,0,231.92,4/5/2025,E-commerce,Website Banner
1033,152,487,4,49.84,49.84,0,0.00%,0,199.36,4/5/2025,App Mobile,App Mobile
2483,985,201,4,45.62,45.62,0,0.00%,0,182.48,4/5/2025,E-commerce,Website Banner
1461,152,277,4,43.92,43.92,0,0.00%,0,175.68,4/5/2025,App Mobile,App Mobile
1042,130,96,4,39.03,39.03,0,0.00%,0,156.12,4/5/2025,App Mobile,App Mobile
2093,399,14,4,24.96,24.96,0,0.00%,0,99.84,4/5/2025,App Mobile,App Mobile
400,188,356,5,72.41,72.41,0,0.00%,0,362.05,4/5/2025,E-commerce,Website Banner
2536,288,357,5,56.91,56.91,0,0.00%,0,284.55,4/5/2025,App Mobile,App Mobile
1799,288,265,5,55.25,55.25,0,0.00%,0,276.25,4/5/2025,App Mobile,App Mobile
1503,293,275,5,52.11,52.11,0,0.00%,0,260.55,4/5/2025,E-commerce,Website Banner
2988,130,185,5,47.73,47.73,0,0.00%,0,238.65,4/5/2025,App Mobile,App Mobile
3074,1207,280,5,44.14,44.14,0,0.00%,0,220.7,4/5/2025,App Mobile,App Mobile
2373,200,178,5,39.34,39.34,0,0.00%,0,196.7,4/5/2025,App Mobile,App Mobile
2713,212,439,1,53.93,53.93,0,0.00%,0,53.93,5/5/2025,App Mobile,App Mobile
3185,1006,221,1,53.7,53.7,0,0.00%,0,53.7,5/5/2025,E-commerce,Website Banner
1654,272,252,1,51.17,51.17,0,0.00%,0,51.17,5/5/2025,App Mobile,App Mobile
3146,1175,183,1,47.87,47.87,0,0.00%,0,47.87,5/5/2025,E-commerce,Website Banner
2358,1035,277,1,43.92,43.92,0,0.00%,0,43.92,5/5/2025,E-commerce,Website Banner
4,468,18,1,40.99,40.99,0,0.00%,0,40.99,5/5/2025,App Mobile,App Mobile
1366,706,226,1,39.78,39.78,0,0.00%,0,39.78,5/5/2025,App Mobile,App Mobile
1063,468,208,1,37.45,37.45,0,0.00%,0,37.45,5/5/2025,App Mobile,App Mobile
3047,1175,319,1,24.05,24.05,0,0.00%,0,24.05,5/5/2025,E-commerce,Website Banner
2890,1185,166,2,65.26,65.26,0,0.00%,0,130.52,5/5/2025,E-commerce,Website Banner
1897,212,127,2,53.67,53.67,0,0.00%,0,107.34,5/5/2025,App Mobile,App Mobile
1679,824,445,2,52.28,52.28,0,0.00%,0,104.56,5/5/2025,E-commerce,Website Banner
1993,739,468,2,51.8,51.8,0,0.00%,0,103.6,5/5/2025,App Mobile,App Mobile
1423,706,93,2,39.18,39.18,0,0.00%,0,78.36,5/5/2025,App Mobile,App Mobile
1475,1185,417,2,38.42,38.42,0,0.00%,0,76.84,5/5/2025,E-commerce,Website Banner
1225,904,80,2,31.86,31.86,0,0.00%,0,63.72,5/5/2025,E-commerce,Website Banner
1201,1006,297,3,65.17,65.17,0,0.00%,0,195.51,5/5/2025,E-commerce,Website Banner
2160,703,103,3,57,57,0,0.00%,0,171,5/5/2025,E-commerce,Website Banner
1561,272,278,3,50.41,50.41,0,0.00%,0,151.23,5/5/2025,App Mobile,App Mobile
1108,1062,69,3,49.98,49.98,0,0.00%,0,149.94,5/5/2025,App Mobile,App Mobile
1192,1062,490,3,39.42,39.42,0,0.00%,0,118.26,5/5/2025,App Mobile,App Mobile
1234,468,194,4,64.11,64.11,0,0.00%,0,256.44,5/5/2025,App Mobile,App Mobile
2338,837,237,4,64.08,64.08,0,0.00%,0,256.32,5/5/2025,E-commerce,Website Banner
578,769,473,4,57.98,57.98,0,0.00%,0,231.92,5/5/2025,E-commerce,Website Banner
738,1154,109,4,45.27,45.27,0,0.00%,0,181.08,5/5/2025,E-commerce,Website Banner
713,361,283,4,39.62,39.62,0,0.00%,0,158.48,5/5/2025,E-commerce,Website Banner
2020,1154,381,4,35.59,35.59,0,0.00%,0,142.36,5/5/2025,E-commerce,Website Banner
1098,824,400,4,29.68,29.68,0,0.00%,0,118.72,5/5/2025,E-commerce,Website Banner
2112,837,236,5,62.93,62.93,0,0.00%,0,314.65,5/5/2025,E-commerce,Website Banner
969,361,378,5,62.39,62.39,0,0.00%,0,311.95,5/5/2025,E-commerce,Website Banner
307,703,111,5,60.36,60.36,0,0.00%,0,301.8,5/5/2025,E-commerce,Website Banner
1722,272,288,5,57.11,57.11,0,0.00%,0,285.55,5/5/2025,App Mobile,App Mobile
1154,769,468,5,51.8,51.8,0,0.00%,0,259,5/5/2025,E-commerce,Website Banner
722,739,190,5,49.41,49.41,0,0.00%,0,247.05,5/5/2025,App Mobile,App Mobile
2167,361,476,5,42.72,42.72,0,0.00%,0,213.6,5/5/2025,E-commerce,Website Banner
595,1035,388,5,34.23,34.23,0,0.00%,0,171.15,5/5/2025,E-commerce,Website Banner
97,904,90,5,31.67,31.67,0,0.00%,0,158.35,5/5/2025,E-commerce,Website Banner
354,212,176,5,27.94,27.94,0,0.00%,0,139.7,5/5/2025,App Mobile,App Mobile
1273,331,98,1,78.52,78.52,0,0.00%,0,78.52,6/5/2025,App Mobile,App Mobile
1894,204,276,1,64.44,64.44,0,0.00%,0,64.44,6/5/2025,E-commerce,Website Banner
1836,65,384,1,58.94,58.94,0,0.00%,0,58.94,6/5/2025,E-commerce,Website Banner
1315,323,22,1,58.26,58.26,0,0.00%,0,58.26,6/5/2025,E-commerce,Website Banner
357,331,222,1,57.19,57.19,0,0.00%,0,57.19,6/5/2025,App Mobile,App Mobile
2952,204,42,1,54.2,54.2,0,0.00%,0,54.2,6/5/2025,E-commerce,Website Banner
3099,694,8,1,50.91,50.91,0,0.00%,0,50.91,6/5/2025,App Mobile,App Mobile
1528,323,9,1,40.5,40.5,0,0.00%,0,40.5,6/5/2025,E-commerce,Website Banner
954,65,496,2,54.61,54.61,0,0.00%,0,109.22,6/5/2025,E-commerce,Website Banner
2989,1276,458,2,53.35,53.35,0,0.00%,0,106.7,6/5/2025,App Mobile,App Mobile
1723,538,29,2,44.27,44.27,0,0.00%,0,88.54,6/5/2025,App Mobile,App Mobile
1385,204,231,2,44.06,44.06,0,0.00%,0,88.12,6/5/2025,E-commerce,Website Banner
1257,536,277,2,43.92,43.92,0,0.00%,0,87.84,6/5/2025,App Mobile,App Mobile
1476,1106,18,2,40.99,40.99,0,0.00%,0,81.98,6/5/2025,E-commerce,Website Banner
2364,1071,498,2,38.33,38.33,0,0.00%,0,76.66,6/5/2025,App Mobile,App Mobile
2357,517,408,2,37.17,37.17,0,0.00%,0,74.34,6/5/2025,E-commerce,Website Banner
549,1277,79,3,63.22,63.22,0,0.00%,0,189.66,6/5/2025,App Mobile,App Mobile
2253,1236,27,3,57.35,57.35,0,0.00%,0,172.05,6/5/2025,E-commerce,Website Banner
3336,1071,389,3,54.76,54.76,0,0.00%,0,164.28,6/5/2025,App Mobile,App Mobile
1430,65,25,3,52.94,52.94,0,0.00%,0,158.82,6/5/2025,E-commerce,Website Banner
1070,694,280,3,44.14,44.14,0,0.00%,0,132.42,6/5/2025,App Mobile,App Mobile
2763,331,476,3,42.72,42.72,0,0.00%,0,128.16,6/5/2025,App Mobile,App Mobile
234,517,499,3,30.07,30.07,0,0.00%,0,90.21,6/5/2025,E-commerce,Website Banner
3101,517,39,3,29.97,29.97,0,0.00%,0,89.91,6/5/2025,E-commerce,Website Banner
2834,536,195,3,16.69,16.69,0,0.00%,0,50.07,6/5/2025,App Mobile,App Mobile
135,1150,71,4,80.76,80.76,0,0.00%,0,323.04,6/5/2025,App Mobile,App Mobile
1179,1277,38,4,62.8,62.8,0,0.00%,0,251.2,6/5/2025,App Mobile,App Mobile
2999,1276,273,4,50.72,50.72,0,0.00%,0,202.88,6/5/2025,App Mobile,App Mobile
2049,166,137,4,46.52,46.52,0,0.00%,0,186.08,6/5/2025,E-commerce,Website Banner
2200,538,404,4,45.19,45.19,0,0.00%,0,180.76,6/5/2025,App Mobile,App Mobile
808,166,280,4,44.14,44.14,0,0.00%,0,176.56,6/5/2025,E-commerce,Website Banner
2997,323,172,4,41.7,41.7,0,0.00%,0,166.8,6/5/2025,E-commerce,Website Banner
905,166,180,4,38.81,38.81,0,0.00%,0,155.24,6/5/2025,E-commerce,Website Banner
1131,1106,402,4,34.45,34.45,0,0.00%,0,137.8,6/5/2025,E-commerce,Website Banner
663,1150,407,5,56.84,56.84,0,0.00%,0,284.2,6/5/2025,App Mobile,App Mobile
1619,1236,367,5,51.38,51.38,0,0.00%,0,256.9,6/5/2025,E-commerce,Website Banner
1567,536,193,5,50.52,50.52,0,0.00%,0,252.6,6/5/2025,App Mobile,App Mobile
1350,538,349,5,46.72,46.72,0,0.00%,0,233.6,6/5/2025,App Mobile,App Mobile
2696,402,225,1,58.11,58.11,0,0.00%,0,58.11,13/5/2025,E-commerce,Website Banner
343,402,361,1,51.76,51.76,0,0.00%,0,51.76,13/5/2025,E-commerce,Website Banner
1147,992,131,1,66.63,46.64,19.99,30.00%,1,46.64,13/5/2025,App Mobile,Social Media
601,423,19,1,65.26,45.68,19.58,30.00%,1,45.68,13/5/2025,App Mobile,Social Media
1072,1194,344,1,42.1,42.1,0,0.00%,0,42.1,13/5/2025,E-commerce,Website Banner
3108,356,291,1,59.56,41.69,17.87,30.00%,1,41.69,13/5/2025,App Mobile,Social Media
420,1332,256,1,38.41,38.41,0,0.00%,0,38.41,13/5/2025,E-commerce,Website Banner
3272,423,32,1,54.83,38.38,16.45,30.00%,1,38.38,13/5/2025,App Mobile,Social Media
443,40,75,1,52.83,36.98,15.85,30.00%,1,36.98,13/5/2025,App Mobile,Social Media
1588,40,140,1,52.08,36.46,15.62,30.00%,1,36.46,13/5/2025,App Mobile,Social Media
2094,24,410,1,47.47,33.23,14.24,30.00%,1,33.23,13/5/2025,App Mobile,Social Media
3278,497,12,1,44.77,31.34,13.43,30.00%,1,31.34,13/5/2025,App Mobile,Social Media
2779,328,431,1,30.41,30.41,0,0.00%,0,30.41,13/5/2025,E-commerce,Website Banner
1235,1042,457,1,31.61,22.13,9.48,30.00%,1,22.13,13/5/2025,App Mobile,Social Media
1340,24,205,1,24.05,16.84,7.22,30.00%,1,16.84,13/5/2025,App Mobile,Social Media
2382,172,443,1,23.13,16.19,6.94,30.00%,1,16.19,13/5/2025,App Mobile,Social Media
1140,299,296,2,67.07,46.95,20.12,30.00%,1,93.9,13/5/2025,App Mobile,Social Media
2196,825,38,2,62.8,43.96,18.84,30.00%,1,87.92,13/5/2025,App Mobile,Social Media
435,172,308,2,43.27,30.29,12.98,30.00%,1,60.58,13/5/2025,App Mobile,Social Media
2059,328,355,2,21.38,21.38,0,0.00%,0,42.76,13/5/2025,E-commerce,Website Banner
715,1042,195,2,16.69,11.68,5.01,30.00%,1,23.37,13/5/2025,App Mobile,Social Media
2457,328,34,3,48.34,48.34,0,0.00%,0,145.02,13/5/2025,E-commerce,Website Banner
3325,299,486,3,68.03,47.62,20.41,30.00%,1,142.86,13/5/2025,App Mobile,Social Media
2277,1127,482,3,47.59,47.59,0,0.00%,0,142.77,13/5/2025,E-commerce,Website Banner
2452,1127,62,3,46.09,46.09,0,0.00%,0,138.27,13/5/2025,E-commerce,Website Banner
689,24,63,3,58.67,41.07,17.6,30.00%,1,123.21,13/5/2025,App Mobile,Social Media
3208,356,282,3,52.12,36.48,15.64,30.00%,1,109.45,13/5/2025,App Mobile,Social Media
2825,624,345,3,46.36,32.45,13.91,30.00%,1,97.36,13/5/2025,App Mobile,Social Media
2785,411,414,3,35.2,24.64,10.56,30.00%,1,73.92,13/5/2025,App Mobile,Social Media
3315,341,90,3,31.67,22.17,9.5,30.00%,1,66.51,13/5/2025,App Mobile,Social Media
1132,402,398,4,71.15,71.15,0,0.00%,0,284.6,13/5/2025,E-commerce,Website Banner
1834,624,162,4,66.5,46.55,19.95,30.00%,1,186.2,13/5/2025,App Mobile,Social Media
3330,40,288,4,57.11,39.98,17.13,30.00%,1,159.91,13/5/2025,App Mobile,Social Media
3104,497,140,4,52.08,36.46,15.62,30.00%,1,145.82,13/5/2025,App Mobile,Social Media
3090,497,17,4,51.9,36.33,15.57,30.00%,1,145.32,13/5/2025,App Mobile,Social Media
3192,1332,452,4,30.85,30.85,0,0.00%,0,123.4,13/5/2025,E-commerce,Website Banner
3066,295,144,4,41.84,29.29,12.55,30.00%,1,117.15,13/5/2025,App Mobile,App Mobile
1650,624,313,4,35.69,24.98,10.71,30.00%,1,99.93,13/5/2025,App Mobile,App Mobile
1015,1194,224,5,75.4,75.4,0,0.00%,0,377,13/5/2025,E-commerce,Website Banner
1346,299,310,5,72.1,50.47,21.63,30.00%,1,252.35,13/5/2025,App Mobile,App Mobile
1769,341,310,5,72.1,50.47,21.63,30.00%,1,252.35,13/5/2025,App Mobile,App Mobile
1811,1148,365,5,67.76,47.43,20.33,30.00%,1,237.16,13/5/2025,App Mobile,App Mobile
153,1148,191,5,60.52,42.36,18.16,30.00%,1,211.82,13/5/2025,App Mobile,App Mobile
2556,825,78,5,59.21,41.45,17.76,30.00%,1,207.24,13/5/2025,App Mobile,App Mobile
1922,356,446,5,55.14,38.6,16.54,30.00%,1,192.99,13/5/2025,App Mobile,App Mobile
333,411,48,5,54.38,38.07,16.31,30.00%,1,190.33,13/5/2025,App Mobile,App Mobile
2044,295,175,5,49.16,34.41,14.75,30.00%,1,172.06,13/5/2025,App Mobile,App Mobile
1626,992,409,5,47.84,33.49,14.35,30.00%,1,167.44,13/5/2025,App Mobile,App Mobile
1846,423,184,5,44.08,30.86,13.22,30.00%,1,154.28,13/5/2025,App Mobile,App Mobile
2936,341,208,5,37.45,26.22,11.24,30.00%,1,131.08,13/5/2025,App Mobile,App Mobile
3034,411,5,5,36.84,25.79,11.05,30.00%,1,128.94,13/5/2025,App Mobile,App Mobile
2910,295,430,5,33.98,23.79,10.19,30.00%,1,118.93,13/5/2025,App Mobile,App Mobile
2394,172,246,5,28.98,20.29,8.69,30.00%,1,101.43,13/5/2025,App Mobile,App Mobile
1124,646,485,1,56.2,56.2,0,0.00%,0,56.2,14/5/2025,E-commerce,Website Banner
1680,1045,480,1,51.63,51.63,0,0.00%,0,51.63,14/5/2025,E-commerce,Website Banner
3110,646,336,1,51.22,51.22,0,0.00%,0,51.22,14/5/2025,E-commerce,Website Banner
1130,646,55,1,44.32,44.32,0,0.00%,0,44.32,14/5/2025,E-commerce,Website Banner
2131,1333,123,1,61.51,43.06,18.45,30.00%,1,43.06,14/5/2025,App Mobile,Social Media
341,44,106,1,40.75,40.75,0,0.00%,0,40.75,14/5/2025,E-commerce,Website Banner
2279,39,292,1,40.12,40.12,0,0.00%,0,40.12,14/5/2025,E-commerce,Website Banner
1057,858,178,1,39.34,39.34,0,0.00%,0,39.34,14/5/2025,E-commerce,Website Banner
2664,428,262,1,52.94,37.06,15.88,30.00%,1,37.06,14/5/2025,App Mobile,Social Media
1133,377,82,1,32.21,32.21,0,0.00%,0,32.21,14/5/2025,E-commerce,Website Banner
1068,428,51,1,25.38,17.77,7.61,30.00%,1,17.77,14/5/2025,App Mobile,Social Media
2405,588,14,1,24.96,17.47,7.49,30.00%,1,17.47,14/5/2025,App Mobile,Social Media
433,428,491,1,22.66,15.86,6.8,30.00%,1,15.86,14/5/2025,App Mobile,Social Media
3141,59,284,2,81.79,81.79,0,0.00%,0,163.58,14/5/2025,E-commerce,Website Banner
774,1085,488,2,50.68,50.68,0,0.00%,0,101.36,14/5/2025,E-commerce,Website Banner
1285,377,193,2,50.52,50.52,0,0.00%,0,101.04,14/5/2025,E-commerce,Website Banner
2576,1085,232,2,49.34,49.34,0,0.00%,0,98.68,14/5/2025,E-commerce,Website Banner
23,1066,118,2,46.99,46.99,0,0.00%,0,93.98,14/5/2025,E-commerce,Website Banner
1194,588,239,2,66.99,46.89,20.1,30.00%,1,93.79,14/5/2025,App Mobile,Social Media
608,1219,158,2,45.15,45.15,0,0.00%,0,90.3,14/5/2025,E-commerce,Website Banner
1450,1102,255,2,51,35.7,15.3,30.00%,1,71.4,14/5/2025,App Mobile,Social Media
301,260,209,2,32.41,32.41,0,0.00%,0,64.82,14/5/2025,E-commerce,Website Banner
1994,406,84,2,31.84,31.84,0,0.00%,0,63.68,14/5/2025,E-commerce,Website Banner
818,821,256,2,38.41,26.89,11.52,30.00%,1,53.77,14/5/2025,App Mobile,Social Media
2922,1308,122,2,24.8,24.8,0,0.00%,0,49.6,14/5/2025,E-commerce,Website Banner
2240,1308,250,3,68.22,68.22,0,0.00%,0,204.66,14/5/2025,E-commerce,Website Banner
3324,1219,125,3,61.27,61.27,0,0.00%,0,183.81,14/5/2025,E-commerce,Website Banner
1840,406,417,3,38.42,38.42,0,0.00%,0,115.26,14/5/2025,E-commerce,Website Banner
746,858,388,3,34.23,34.23,0,0.00%,0,102.69,14/5/2025,E-commerce,Website Banner
1936,1333,402,3,34.45,24.12,10.34,30.00%,1,72.34,14/5/2025,App Mobile,Social Media
1468,588,82,3,32.21,22.55,9.66,30.00%,1,67.64,14/5/2025,App Mobile,Social Media
1577,260,469,4,64.08,64.08,0,0.00%,0,256.32,14/5/2025,E-commerce,Website Banner
1900,377,40,4,53.19,53.19,0,0.00%,0,212.76,14/5/2025,E-commerce,Website Banner
1659,260,468,4,51.8,51.8,0,0.00%,0,207.2,14/5/2025,E-commerce,Website Banner
811,44,155,4,46.07,46.07,0,0.00%,0,184.28,14/5/2025,E-commerce,Website Banner
2069,44,243,4,37.06,37.06,0,0.00%,0,148.24,14/5/2025,E-commerce,Website Banner
826,1102,28,4,51.18,35.83,15.35,30.00%,1,143.3,14/5/2025,App Mobile,Social Media
140,59,80,4,31.86,31.86,0,0.00%,0,127.44,14/5/2025,E-commerce,Website Banner
2037,406,269,5,77.59,77.59,0,0.00%,0,387.95,14/5/2025,E-commerce,Website Banner
611,39,320,5,74.26,74.26,0,0.00%,0,371.3,14/5/2025,E-commerce,Website Banner
1726,1066,260,5,64.28,64.28,0,0.00%,0,321.4,14/5/2025,E-commerce,Website Banner
1469,1045,410,5,47.47,47.47,0,0.00%,0,237.35,14/5/2025,E-commerce,Website Banner
1888,39,429,5,43.34,43.34,0,0.00%,0,216.7,14/5/2025,E-commerce,Website Banner
1771,821,291,5,59.56,41.69,17.87,30.00%,1,208.46,14/5/2025,App Mobile,App Mobile
1500,59,246,5,28.98,28.98,0,0.00%,0,144.9,14/5/2025,E-commerce,Website Banner
1404,207,56,1,62.92,62.92,0,0.00%,0,62.92,15/5/2025,E-commerce,Website Banner
539,509,483,1,60.89,60.89,0,0.00%,0,60.89,15/5/2025,E-commerce,Website Banner
145,440,306,1,74.67,52.27,22.4,30.00%,1,52.27,15/5/2025,App Mobile,Social Media
358,619,228,1,46.89,32.82,14.07,30.00%,1,32.82,15/5/2025,App Mobile,Social Media
293,1316,328,1,39.83,27.88,11.95,30.00%,1,27.88,15/5/2025,App Mobile,Social Media
3229,1083,119,1,27.34,27.34,0,0.00%,0,27.34,15/5/2025,E-commerce,Website Banner
1647,488,331,2,53.34,53.34,0,0.00%,0,106.68,15/5/2025,E-commerce,Website Banner
2725,619,324,2,60.31,42.22,18.09,30.00%,1,84.43,15/5/2025,App Mobile,Social Media
2156,816,99,2,59.78,41.85,17.93,30.00%,1,83.69,15/5/2025,App Mobile,Social Media
103,621,63,2,58.67,41.07,17.6,30.00%,1,82.14,15/5/2025,App Mobile,Social Media
134,816,496,2,54.61,38.23,16.38,30.00%,1,76.45,15/5/2025,App Mobile,Social Media
2968,524,267,2,53.91,37.74,16.17,30.00%,1,75.47,15/5/2025,App Mobile,Social Media
2843,509,5,2,36.84,36.84,0,0.00%,0,73.68,15/5/2025,E-commerce,Website Banner
579,126,364,2,36.34,36.34,0,0.00%,0,72.68,15/5/2025,E-commerce,Website Banner
767,552,11,2,51.09,35.76,15.33,30.00%,1,71.53,15/5/2025,App Mobile,Social Media
2099,85,241,2,29.82,29.82,0,0.00%,0,59.64,15/5/2025,E-commerce,Website Banner
1034,488,60,3,81.7,81.7,0,0.00%,0,245.1,15/5/2025,E-commerce,Website Banner
1684,207,142,3,67.29,67.29,0,0.00%,0,201.87,15/5/2025,E-commerce,Website Banner
2024,173,239,3,66.99,66.99,0,0.00%,0,200.97,15/5/2025,E-commerce,Website Banner
76,85,123,3,61.51,61.51,0,0.00%,0,184.53,15/5/2025,E-commerce,Website Banner
2475,85,156,3,55.52,55.52,0,0.00%,0,166.56,15/5/2025,E-commerce,Website Banner
2574,135,421,3,50.89,50.89,0,0.00%,0,152.67,15/5/2025,E-commerce,Website Banner
401,126,229,3,45.58,45.58,0,0.00%,0,136.74,15/5/2025,E-commerce,Website Banner
1555,488,375,3,42.67,42.67,0,0.00%,0,128.01,15/5/2025,E-commerce,Website Banner
2746,509,475,3,39.69,39.69,0,0.00%,0,119.07,15/5/2025,E-commerce,Website Banner
3161,619,389,3,54.76,38.33,16.43,30.00%,1,115,15/5/2025,App Mobile,Social Media
2034,957,480,3,51.63,36.14,15.49,30.00%,1,108.42,15/5/2025,App Mobile,Social Media
1690,1316,396,3,51,35.7,15.3,30.00%,1,107.1,15/5/2025,App Mobile,Social Media
1855,957,43,3,49.4,34.58,14.82,30.00%,1,103.74,15/5/2025,App Mobile,Social Media
2589,621,74,3,40.94,28.66,12.28,30.00%,1,85.97,15/5/2025,App Mobile,Social Media
772,524,457,3,31.61,22.13,9.48,30.00%,1,66.38,15/5/2025,App Mobile,Social Media
1800,440,320,4,74.26,51.98,22.28,30.00%,1,207.93,15/5/2025,App Mobile,Social Media
1414,135,175,4,49.16,49.16,0,0.00%,0,196.64,15/5/2025,E-commerce,Website Banner
2169,173,155,4,46.07,46.07,0,0.00%,0,184.28,15/5/2025,E-commerce,Website Banner
1017,552,44,4,64.84,45.39,19.45,30.00%,1,181.55,15/5/2025,App Mobile,Social Media
1302,207,374,4,43.43,43.43,0,0.00%,0,173.72,15/5/2025,E-commerce,Website Banner
1585,173,318,4,37.55,37.55,0,0.00%,0,150.2,15/5/2025,E-commerce,Website Banner
2260,524,396,4,51,35.7,15.3,30.00%,1,142.8,15/5/2025,App Mobile,Social Media
3134,552,322,4,44.45,31.12,13.34,30.00%,1,124.46,15/5/2025,App Mobile,App Mobile
3271,440,454,4,35.16,24.61,10.55,30.00%,1,98.45,15/5/2025,App Mobile,App Mobile
2692,621,430,4,33.98,23.79,10.19,30.00%,1,95.14,15/5/2025,App Mobile,App Mobile
2236,135,463,5,70.56,70.56,0,0.00%,0,352.8,15/5/2025,E-commerce,Website Banner
322,1083,213,5,57.31,57.31,0,0.00%,0,286.55,15/5/2025,E-commerce,Website Banner
1059,994,60,5,81.7,57.19,24.51,30.00%,1,285.95,15/5/2025,App Mobile,App Mobile
1691,287,107,5,55.06,55.06,0,0.00%,0,275.3,15/5/2025,E-commerce,Website Banner
2077,126,188,5,55.01,55.01,0,0.00%,0,275.05,15/5/2025,E-commerce,Website Banner
156,994,496,5,54.61,38.23,16.38,30.00%,1,191.14,15/5/2025,App Mobile,App Mobile
1587,287,401,5,30.83,30.83,0,0.00%,0,154.15,15/5/2025,E-commerce,Website Banner
1868,287,88,5,29.81,29.81,0,0.00%,0,149.05,15/5/2025,E-commerce,Website Banner
1253,1014,474,1,68.47,68.47,0,0.00%,0,68.47,16/5/2025,E-commerce,Website Banner
1724,1213,67,1,67.37,67.37,0,0.00%,0,67.37,16/5/2025,E-commerce,Website Banner
1640,183,70,1,66.33,66.33,0,0.00%,0,66.33,16/5/2025,E-commerce,Website Banner
2830,1169,288,1,57.11,57.11,0,0.00%,0,57.11,16/5/2025,E-commerce,Website Banner
312,183,314,1,56.29,56.29,0,0.00%,0,56.29,16/5/2025,E-commerce,Website Banner
69,2,113,1,39.18,39.18,0,0.00%,0,39.18,16/5/2025,E-commerce,Website Banner
949,183,180,1,38.81,38.81,0,0.00%,0,38.81,16/5/2025,E-commerce,Website Banner
1543,934,427,1,36.01,36.01,0,0.00%,0,36.01,16/5/2025,E-commerce,Website Banner
2717,550,139,1,33.59,33.59,0,0.00%,0,33.59,16/5/2025,E-commerce,Website Banner
1923,1298,241,1,29.82,29.82,0,0.00%,0,29.82,16/5/2025,E-commerce,Website Banner
2636,615,451,1,37.8,26.46,11.34,30.00%,1,26.46,16/5/2025,App Mobile,Social Media
1913,237,64,1,13.51,13.51,0,0.00%,0,13.51,16/5/2025,E-commerce,Website Banner
1772,237,38,2,62.8,62.8,0,0.00%,0,125.6,16/5/2025,E-commerce,Website Banner
536,934,188,2,55.01,55.01,0,0.00%,0,110.02,16/5/2025,E-commerce,Website Banner
849,221,295,2,48.73,48.73,0,0.00%,0,97.46,16/5/2025,E-commerce,Website Banner
1287,1040,470,2,67.73,47.41,20.32,30.00%,1,94.82,16/5/2025,App Mobile,Social Media
3180,550,280,2,44.14,44.14,0,0.00%,0,88.28,16/5/2025,E-commerce,Website Banner
1009,1018,312,2,43.84,43.84,0,0.00%,0,87.68,16/5/2025,E-commerce,Website Banner
3010,746,429,2,43.34,43.34,0,0.00%,0,86.68,16/5/2025,E-commerce,Website Banner
2018,1298,24,2,42.76,42.76,0,0.00%,0,85.52,16/5/2025,E-commerce,Website Banner
2642,632,203,2,52.1,36.47,15.63,30.00%,1,72.94,16/5/2025,App Mobile,Social Media
1778,896,173,2,49.74,34.82,14.92,30.00%,1,69.64,16/5/2025,App Mobile,Social Media
1003,698,343,2,34.39,34.39,0,0.00%,0,68.78,16/5/2025,E-commerce,Website Banner
77,1169,169,2,32.94,32.94,0,0.00%,0,65.88,16/5/2025,E-commerce,Website Banner
3129,1200,429,2,43.34,30.34,13,30.00%,1,60.68,16/5/2025,App Mobile,Social Media
1755,632,59,2,34.58,24.21,10.37,30.00%,1,48.41,16/5/2025,App Mobile,Social Media
3306,1173,246,2,28.98,20.29,8.69,30.00%,1,40.57,16/5/2025,App Mobile,Social Media
985,221,459,3,75.17,75.17,0,0.00%,0,225.51,16/5/2025,E-commerce,Website Banner
749,221,185,3,47.73,47.73,0,0.00%,0,143.19,16/5/2025,E-commerce,Website Banner
1653,632,294,3,56.69,39.68,17.01,30.00%,1,119.05,16/5/2025,App Mobile,Social Media
101,896,439,3,53.93,37.75,16.18,30.00%,1,113.25,16/5/2025,App Mobile,Social Media
661,943,17,3,51.9,36.33,15.57,30.00%,1,108.99,16/5/2025,App Mobile,Social Media
2730,943,274,3,48.38,33.87,14.51,30.00%,1,101.6,16/5/2025,App Mobile,Social Media
2914,615,328,3,39.83,27.88,11.95,30.00%,1,83.64,16/5/2025,App Mobile,Social Media
2444,746,439,4,53.93,53.93,0,0.00%,0,215.72,16/5/2025,E-commerce,Website Banner
1181,698,183,4,47.87,47.87,0,0.00%,0,191.48,16/5/2025,E-commerce,Website Banner
2897,1018,261,4,46.1,46.1,0,0.00%,0,184.4,16/5/2025,E-commerce,Website Banner
3363,1200,140,4,52.08,36.46,15.62,30.00%,1,145.82,16/5/2025,App Mobile,Social Media
3354,2,381,4,35.59,35.59,0,0.00%,0,142.36,16/5/2025,E-commerce,Website Banner
279,615,405,4,34.71,24.3,10.41,30.00%,1,97.19,16/5/2025,App Mobile,App Mobile
2055,237,166,5,65.26,65.26,0,0.00%,0,326.3,16/5/2025,E-commerce,Website Banner
1751,1213,464,5,59.58,59.58,0,0.00%,0,297.9,16/5/2025,E-commerce,Website Banner
510,550,375,5,42.67,42.67,0,0.00%,0,213.35,16/5/2025,E-commerce,Website Banner
2363,1040,445,5,52.28,36.6,15.68,30.00%,1,182.98,16/5/2025,App Mobile,App Mobile
2772,1173,370,5,50.34,35.24,15.1,30.00%,1,176.19,16/5/2025,App Mobile,App Mobile
192,2,414,5,35.2,35.2,0,0.00%,0,176,16/5/2025,E-commerce,Website Banner
2412,1014,355,5,21.38,21.38,0,0.00%,0,106.9,16/5/2025,E-commerce,Website Banner
1997,1245,115,1,62.27,62.27,0,0.00%,0,62.27,17/5/2025,E-commerce,Website Banner
2913,1166,287,1,60.34,60.34,0,0.00%,0,60.34,17/5/2025,E-commerce,Website Banner
424,592,107,1,55.06,55.06,0,0.00%,0,55.06,17/5/2025,E-commerce,Website Banner
1374,592,455,1,48.03,48.03,0,0.00%,0,48.03,17/5/2025,E-commerce,Website Banner
1697,567,135,1,42.47,42.47,0,0.00%,0,42.47,17/5/2025,E-commerce,Website Banner
1242,966,18,1,40.99,40.99,0,0.00%,0,40.99,17/5/2025,E-commerce,Website Banner
3242,297,366,1,58.34,40.84,17.5,30.00%,1,40.84,17/5/2025,App Mobile,Social Media
94,558,22,1,58.26,40.78,17.48,30.00%,1,40.78,17/5/2025,App Mobile,Social Media
2929,281,83,1,57.8,40.46,17.34,30.00%,1,40.46,17/5/2025,App Mobile,Social Media
3073,875,407,1,56.84,39.79,17.05,30.00%,1,39.79,17/5/2025,App Mobile,Social Media
83,1223,367,1,51.38,35.97,15.41,30.00%,1,35.97,17/5/2025,App Mobile,Social Media
712,1223,190,1,49.41,34.59,14.82,30.00%,1,34.59,17/5/2025,App Mobile,Social Media
2882,592,418,1,31.84,31.84,0,0.00%,0,31.84,17/5/2025,E-commerce,Website Banner
1102,558,164,1,22.96,16.07,6.89,30.00%,1,16.07,17/5/2025,App Mobile,Social Media
2302,1295,266,2,61.67,61.67,0,0.00%,0,123.34,17/5/2025,E-commerce,Website Banner
2367,528,239,2,66.99,46.89,20.1,30.00%,1,93.79,17/5/2025,App Mobile,Social Media
189,301,483,2,60.89,42.62,18.27,30.00%,1,85.25,17/5/2025,App Mobile,Social Media
448,84,344,2,42.1,42.1,0,0.00%,0,84.2,17/5/2025,E-commerce,Website Banner
1508,528,78,2,59.21,41.45,17.76,30.00%,1,82.89,17/5/2025,App Mobile,Social Media
1361,718,45,2,54.16,37.91,16.25,30.00%,1,75.82,17/5/2025,App Mobile,Social Media
270,1153,47,2,53.73,37.61,16.12,30.00%,1,75.22,17/5/2025,App Mobile,Social Media
1246,1153,458,2,53.35,37.34,16,30.00%,1,74.69,17/5/2025,App Mobile,Social Media
2159,147,151,2,36.47,36.47,0,0.00%,0,72.94,17/5/2025,E-commerce,Website Banner
631,301,363,2,43.64,30.55,13.09,30.00%,1,61.1,17/5/2025,App Mobile,Social Media
2526,476,18,2,40.99,28.69,12.3,30.00%,1,57.39,17/5/2025,App Mobile,Social Media
672,281,304,3,54.88,38.42,16.46,30.00%,1,115.25,17/5/2025,App Mobile,Social Media
2940,1137,240,3,38.14,38.14,0,0.00%,0,114.42,17/5/2025,E-commerce,Website Banner
3013,718,150,3,50.04,35.03,15.01,30.00%,1,105.08,17/5/2025,App Mobile,Social Media
321,301,89,3,45.12,31.58,13.54,30.00%,1,94.75,17/5/2025,App Mobile,Social Media
2793,147,431,3,30.41,30.41,0,0.00%,0,91.23,17/5/2025,E-commerce,Website Banner
3293,476,1,3,40.41,28.29,12.12,30.00%,1,84.86,17/5/2025,App Mobile,Social Media
2585,84,305,4,60.79,60.79,0,0.00%,0,243.16,17/5/2025,E-commerce,Website Banner
2813,1020,473,4,57.98,57.98,0,0.00%,0,231.92,17/5/2025,E-commerce,Website Banner
1937,281,2,4,78.45,54.92,23.54,30.00%,1,219.66,17/5/2025,App Mobile,Social Media
3091,147,434,4,43.14,43.14,0,0.00%,0,172.56,17/5/2025,E-commerce,Website Banner
2419,476,222,4,57.19,40.03,17.16,30.00%,1,160.13,17/5/2025,App Mobile,Social Media
1207,966,226,4,39.78,39.78,0,0.00%,0,159.12,17/5/2025,E-commerce,Website Banner
2998,567,13,4,34.25,34.25,0,0.00%,0,137,17/5/2025,E-commerce,Website Banner
1394,558,455,4,48.03,33.62,14.41,30.00%,1,134.48,17/5/2025,App Mobile,Social Media
2800,297,404,4,45.19,31.63,13.56,30.00%,1,126.53,17/5/2025,App Mobile,Social Media
1094,567,70,5,66.33,66.33,0,0.00%,0,331.65,17/5/2025,E-commerce,Website Banner
1460,1137,40,5,53.19,53.19,0,0.00%,0,265.95,17/5/2025,E-commerce,Website Banner
851,1166,12,5,44.77,44.77,0,0.00%,0,223.85,17/5/2025,E-commerce,Website Banner
1426,1245,143,5,39.75,39.75,0,0.00%,0,198.75,17/5/2025,E-commerce,Website Banner
2994,84,484,5,38.49,38.49,0,0.00%,0,192.45,17/5/2025,E-commerce,Website Banner
1877,1020,498,5,38.33,38.33,0,0.00%,0,191.65,17/5/2025,E-commerce,Website Banner
166,528,128,5,44.9,31.43,13.47,30.00%,1,157.15,17/5/2025,App Mobile,App Mobile
469,1295,431,5,30.41,30.41,0,0.00%,0,152.05,17/5/2025,E-commerce,Website Banner
91,875,405,5,34.71,24.3,10.41,30.00%,1,121.48,17/5/2025,App Mobile,App Mobile
1938,297,401,5,30.83,21.58,9.25,30.00%,1,107.9,17/5/2025,App Mobile,App Mobile
2063,617,459,1,75.17,75.17,0,0.00%,0,75.17,18/5/2025,E-commerce,Website Banner
602,78,53,1,57.17,57.17,0,0.00%,0,57.17,18/5/2025,E-commerce,Website Banner
1536,193,271,1,54.28,54.28,0,0.00%,0,54.28,18/5/2025,E-commerce,Website Banner
2293,298,52,1,53.61,53.61,0,0.00%,0,53.61,18/5/2025,E-commerce,Website Banner
2126,776,447,1,47.66,47.66,0,0.00%,0,47.66,18/5/2025,E-commerce,Website Banner
2347,1296,19,1,65.26,45.68,19.58,30.00%,1,45.68,18/5/2025,App Mobile,Social Media
740,286,188,1,55.01,38.51,16.5,30.00%,1,38.51,18/5/2025,App Mobile,Social Media
281,916,48,1,54.38,38.07,16.31,30.00%,1,38.07,18/5/2025,App Mobile,Social Media
3065,1060,202,1,41.88,29.32,12.56,30.00%,1,29.32,18/5/2025,App Mobile,Social Media
2023,314,71,2,80.76,80.76,0,0.00%,0,161.52,18/5/2025,E-commerce,Website Banner
3212,1318,49,2,57.35,57.35,0,0.00%,0,114.7,18/5/2025,E-commerce,Website Banner
13,1326,294,2,56.69,56.69,0,0.00%,0,113.38,18/5/2025,E-commerce,Website Banner
2960,298,232,2,49.34,49.34,0,0.00%,0,98.68,18/5/2025,E-commerce,Website Banner
2671,314,34,2,48.34,48.34,0,0.00%,0,96.68,18/5/2025,E-commerce,Website Banner
384,1226,478,2,66.52,46.56,19.96,30.00%,1,93.13,18/5/2025,App Mobile,Social Media
1324,704,261,2,46.1,46.1,0,0.00%,0,92.2,18/5/2025,E-commerce,Website Banner
3244,289,260,2,64.28,45,19.28,30.00%,1,89.99,18/5/2025,App Mobile,Social Media
436,167,233,2,38.68,38.68,0,0.00%,0,77.36,18/5/2025,E-commerce,Website Banner
2902,1059,446,2,55.14,38.6,16.54,30.00%,1,77.2,18/5/2025,App Mobile,Social Media
2587,553,336,2,51.22,35.85,15.37,30.00%,1,71.71,18/5/2025,App Mobile,Social Media
164,289,488,2,50.68,35.48,15.2,30.00%,1,70.95,18/5/2025,App Mobile,Social Media
1487,1296,128,2,44.9,31.43,13.47,30.00%,1,62.86,18/5/2025,App Mobile,Social Media
2124,553,438,2,38.74,27.12,11.62,30.00%,1,54.24,18/5/2025,App Mobile,Social Media
423,1060,245,2,24.91,17.44,7.47,30.00%,1,34.87,18/5/2025,App Mobile,Social Media
2106,314,317,3,62.63,62.63,0,0.00%,0,187.89,18/5/2025,E-commerce,Website Banner
1088,167,160,3,59.38,59.38,0,0.00%,0,178.14,18/5/2025,E-commerce,Website Banner
1025,347,316,3,45.73,45.73,0,0.00%,0,137.19,18/5/2025,E-commerce,Website Banner
1963,822,294,3,56.69,39.68,17.01,30.00%,1,119.05,18/5/2025,App Mobile,Social Media
1601,728,132,3,46.9,32.83,14.07,30.00%,1,98.49,18/5/2025,App Mobile,Social Media
1371,347,462,3,28.58,28.58,0,0.00%,0,85.74,18/5/2025,E-commerce,Website Banner
2456,822,328,3,39.83,27.88,11.95,30.00%,1,83.64,18/5/2025,App Mobile,Social Media
1502,1226,298,3,33.94,23.76,10.18,30.00%,1,71.27,18/5/2025,App Mobile,Social Media
972,78,162,4,66.5,66.5,0,0.00%,0,266,18/5/2025,E-commerce,Website Banner
2248,118,297,4,65.17,65.17,0,0.00%,0,260.68,18/5/2025,E-commerce,Website Banner
304,776,399,4,61.6,61.6,0,0.00%,0,246.4,18/5/2025,E-commerce,Website Banner
2573,1318,217,4,52.12,52.12,0,0.00%,0,208.48,18/5/2025,E-commerce,Website Banner
534,916,327,4,74.24,51.97,22.27,30.00%,1,207.87,18/5/2025,App Mobile,Social Media
609,617,17,4,51.9,51.9,0,0.00%,0,207.6,18/5/2025,E-commerce,Website Banner
2685,1326,43,4,49.4,49.4,0,0.00%,0,197.6,18/5/2025,E-commerce,Website Banner
1509,1337,315,4,67.02,46.91,20.11,30.00%,1,187.66,18/5/2025,App Mobile,Social Media
1917,347,128,4,44.9,44.9,0,0.00%,0,179.6,18/5/2025,E-commerce,Website Banner
2934,1337,110,4,58.7,41.09,17.61,30.00%,1,164.36,18/5/2025,App Mobile,Social Media
2123,553,47,4,53.73,37.61,16.12,30.00%,1,150.44,18/5/2025,App Mobile,Social Media
1958,289,376,4,38.52,26.96,11.56,30.00%,1,107.86,18/5/2025,App Mobile,App Mobile
1329,1268,120,4,25.7,25.7,0,0.00%,0,102.8,18/5/2025,E-commerce,Website Banner
1572,286,13,4,34.25,23.98,10.28,30.00%,1,95.9,18/5/2025,App Mobile,App Mobile
500,81,298,4,33.94,23.76,10.18,30.00%,1,95.03,18/5/2025,App Mobile,App Mobile
1537,193,198,4,14.64,14.64,0,0.00%,0,58.56,18/5/2025,E-commerce,Website Banner
3017,167,224,5,75.4,75.4,0,0.00%,0,377,18/5/2025,E-commerce,Website Banner
1491,78,36,5,72.06,72.06,0,0.00%,0,360.3,18/5/2025,E-commerce,Website Banner
456,193,469,5,64.08,64.08,0,0.00%,0,320.4,18/5/2025,E-commerce,Website Banner
724,617,294,5,56.69,56.69,0,0.00%,0,283.45,18/5/2025,E-commerce,Website Banner
3035,118,416,5,53.46,53.46,0,0.00%,0,267.3,18/5/2025,E-commerce,Website Banner
2226,118,217,5,52.12,52.12,0,0.00%,0,260.6,18/5/2025,E-commerce,Website Banner
834,704,68,5,47.27,47.27,0,0.00%,0,236.35,18/5/2025,E-commerce,Website Banner
2553,298,12,5,44.77,44.77,0,0.00%,0,223.85,18/5/2025,E-commerce,Website Banner
1160,1059,428,5,61.22,42.85,18.37,30.00%,1,214.27,18/5/2025,App Mobile,App Mobile
2942,286,352,5,61.12,42.78,18.34,30.00%,1,213.92,18/5/2025,App Mobile,App Mobile
1099,728,287,5,60.34,42.24,18.1,30.00%,1,211.19,18/5/2025,App Mobile,App Mobile
755,1268,344,5,42.1,42.1,0,0.00%,0,210.5,18/5/2025,E-commerce,Website Banner
2595,81,321,5,58.09,40.66,17.43,30.00%,1,203.32,18/5/2025,App Mobile,App Mobile
3092,81,329,5,43.09,30.16,12.93,30.00%,1,150.82,18/5/2025,App Mobile,App Mobile
1598,1230,126,1,55.03,55.03,0,0.00%,0,55.03,19/5/2025,E-commerce,Website Banner
382,1291,61,1,50.88,50.88,0,0.00%,0,50.88,19/5/2025,E-commerce,Website Banner
1783,72,118,1,46.99,46.99,0,0.00%,0,46.99,19/5/2025,E-commerce,Website Banner
278,421,149,1,42.24,42.24,0,0.00%,0,42.24,19/5/2025,E-commerce,Website Banner
1354,259,287,1,60.34,42.24,18.1,30.00%,1,42.24,19/5/2025,App Mobile,Social Media
1363,199,107,1,55.06,38.54,16.52,30.00%,1,38.54,19/5/2025,App Mobile,Social Media
2643,73,251,1,36.88,36.88,0,0.00%,0,36.88,19/5/2025,E-commerce,Website Banner
2138,199,330,1,33.94,23.76,10.18,30.00%,1,23.76,19/5/2025,App Mobile,Social Media
406,376,114,1,21.53,15.07,6.46,30.00%,1,15.07,19/5/2025,App Mobile,Social Media
1261,238,433,2,60.12,60.12,0,0.00%,0,120.24,19/5/2025,E-commerce,Website Banner
1609,444,473,2,57.98,57.98,0,0.00%,0,115.96,19/5/2025,E-commerce,Website Banner
568,730,422,2,55.91,55.91,0,0.00%,0,111.82,19/5/2025,E-commerce,Website Banner
1527,238,265,2,55.25,55.25,0,0.00%,0,110.5,19/5/2025,E-commerce,Website Banner
499,444,396,2,51,51,0,0.00%,0,102,19/5/2025,E-commerce,Website Banner
1271,199,383,2,66.38,46.47,19.91,30.00%,1,92.93,19/5/2025,App Mobile,Social Media
1693,982,44,2,64.84,45.39,19.45,30.00%,1,90.78,19/5/2025,App Mobile,Social Media
1158,1119,157,2,41.56,41.56,0,0.00%,0,83.12,19/5/2025,E-commerce,Website Banner
236,730,143,2,39.75,39.75,0,0.00%,0,79.5,19/5/2025,E-commerce,Website Banner
734,921,268,2,49.59,34.71,14.88,30.00%,1,69.43,19/5/2025,App Mobile,Social Media
3080,1119,453,2,32.05,32.05,0,0.00%,0,64.1,19/5/2025,E-commerce,Website Banner
376,938,418,2,31.84,31.84,0,0.00%,0,63.68,19/5/2025,E-commerce,Website Banner
1889,1026,418,2,31.84,31.84,0,0.00%,0,63.68,19/5/2025,E-commerce,Website Banner
728,1291,51,2,25.38,25.38,0,0.00%,0,50.76,19/5/2025,E-commerce,Website Banner
3199,921,59,2,34.58,24.21,10.37,30.00%,1,48.41,19/5/2025,App Mobile,Social Media
3360,1230,107,3,55.06,55.06,0,0.00%,0,165.18,19/5/2025,E-commerce,Website Banner
388,421,268,3,49.59,49.59,0,0.00%,0,148.77,19/5/2025,E-commerce,Website Banner
2844,238,175,3,49.16,49.16,0,0.00%,0,147.48,19/5/2025,E-commerce,Website Banner
829,642,128,3,44.9,44.9,0,0.00%,0,134.7,19/5/2025,E-commerce,Website Banner
181,376,372,3,63.79,44.65,19.14,30.00%,1,133.96,19/5/2025,App Mobile,Social Media
3086,259,145,3,58.25,40.78,17.47,30.00%,1,122.33,19/5/2025,App Mobile,Social Media
2884,1243,90,3,31.67,31.67,0,0.00%,0,95.01,19/5/2025,E-commerce,Website Banner
2414,1243,198,3,14.64,14.64,0,0.00%,0,43.92,19/5/2025,E-commerce,Website Banner
2164,995,316,4,45.73,45.73,0,0.00%,0,182.92,19/5/2025,E-commerce,Website Banner
1526,1026,233,4,38.68,38.68,0,0.00%,0,154.72,19/5/2025,E-commerce,Website Banner
2385,73,401,4,30.83,30.83,0,0.00%,0,123.32,19/5/2025,E-commerce,Website Banner
2611,982,495,4,36.65,25.66,11,30.00%,1,102.62,19/5/2025,App Mobile,App Mobile
896,376,195,4,16.69,11.68,5.01,30.00%,1,46.73,19/5/2025,App Mobile,App Mobile
2751,72,306,5,74.67,74.67,0,0.00%,0,373.35,19/5/2025,E-commerce,Website Banner
1852,995,428,5,61.22,61.22,0,0.00%,0,306.1,19/5/2025,E-commerce,Website Banner
1100,1068,433,5,60.12,60.12,0,0.00%,0,300.6,19/5/2025,E-commerce,Website Banner
2139,938,160,5,59.38,59.38,0,0.00%,0,296.9,19/5/2025,E-commerce,Website Banner
44,73,63,5,58.67,58.67,0,0.00%,0,293.35,19/5/2025,E-commerce,Website Banner
1565,108,97,5,55.27,55.27,0,0.00%,0,276.35,19/5/2025,E-commerce,Website Banner
2857,444,267,5,53.91,53.91,0,0.00%,0,269.55,19/5/2025,E-commerce,Website Banner
84,108,55,5,44.32,44.32,0,0.00%,0,221.6,19/5/2025,E-commerce,Website Banner
505,72,16,5,40.36,40.36,0,0.00%,0,201.8,19/5/2025,E-commerce,Website Banner
1266,642,492,5,37.12,37.12,0,0.00%,0,185.6,19/5/2025,E-commerce,Website Banner
1355,642,5,5,36.84,36.84,0,0.00%,0,184.2,19/5/2025,E-commerce,Website Banner
561,1068,431,5,30.41,30.41,0,0.00%,0,152.05,19/5/2025,E-commerce,Website Banner
2682,108,81,5,29.63,29.63,0,0.00%,0,148.15,19/5/2025,E-commerce,Website Banner
1524,259,451,5,37.8,26.46,11.34,30.00%,1,132.3,19/5/2025,App Mobile,App Mobile
457,421,3,5,23.9,23.9,0,0.00%,0,119.5,19/5/2025,E-commerce,Website Banner
3142,1144,392,1,75.47,75.47,0,0.00%,0,75.47,20/5/2025,E-commerce,Website Banner
1406,31,31,1,69.82,69.82,0,0.00%,0,69.82,20/5/2025,App Mobile,App Mobile
2134,1144,478,1,66.52,66.52,0,0.00%,0,66.52,20/5/2025,E-commerce,Website Banner
1481,1135,437,1,62.17,62.17,0,0.00%,0,62.17,20/5/2025,App Mobile,App Mobile
116,11,288,1,57.11,57.11,0,0.00%,0,57.11,20/5/2025,App Mobile,App Mobile
1325,620,326,1,56.7,56.7,0,0.00%,0,56.7,20/5/2025,E-commerce,Website Banner
665,31,57,1,52.28,52.28,0,0.00%,0,52.28,20/5/2025,App Mobile,App Mobile
844,15,243,1,37.06,37.06,0,0.00%,0,37.06,20/5/2025,E-commerce,Website Banner
1519,15,251,1,36.88,36.88,0,0.00%,0,36.88,20/5/2025,E-commerce,Website Banner
1223,98,192,2,62.48,62.48,0,0.00%,0,124.96,20/5/2025,E-commerce,Website Banner
1110,1348,366,2,58.34,58.34,0,0.00%,0,116.68,20/5/2025,E-commerce,Website Banner
882,479,203,2,52.1,52.1,0,0.00%,0,104.2,20/5/2025,E-commerce,Website Banner
2289,479,253,2,50.55,50.55,0,0.00%,0,101.1,20/5/2025,E-commerce,Website Banner
3153,405,370,2,50.34,50.34,0,0.00%,0,100.68,20/5/2025,E-commerce,Website Banner
450,1000,161,2,45.75,45.75,0,0.00%,0,91.5,20/5/2025,E-commerce,Website Banner
820,11,289,2,41.51,41.51,0,0.00%,0,83.02,20/5/2025,App Mobile,App Mobile
3312,145,208,2,37.45,37.45,0,0.00%,0,74.9,20/5/2025,E-commerce,Website Banner
2791,234,269,3,77.59,77.59,0,0.00%,0,232.77,20/5/2025,App Mobile,App Mobile
1281,620,371,3,63.82,63.82,0,0.00%,0,191.46,20/5/2025,E-commerce,Website Banner
3100,620,160,3,59.38,59.38,0,0.00%,0,178.14,20/5/2025,E-commerce,Website Banner
743,195,101,3,58.11,58.11,0,0.00%,0,174.33,20/5/2025,App Mobile,App Mobile
3344,163,25,3,52.94,52.94,0,0.00%,0,158.82,20/5/2025,App Mobile,App Mobile
756,515,299,3,52.65,52.65,0,0.00%,0,157.95,20/5/2025,E-commerce,Website Banner
1816,225,440,3,52.08,52.08,0,0.00%,0,156.24,20/5/2025,App Mobile,App Mobile
2881,225,76,3,51.7,51.7,0,0.00%,0,155.1,20/5/2025,App Mobile,App Mobile
2318,1135,228,3,46.89,46.89,0,0.00%,0,140.67,20/5/2025,App Mobile,App Mobile
594,98,322,3,44.45,44.45,0,0.00%,0,133.35,20/5/2025,E-commerce,Website Banner
3158,405,209,3,32.41,32.41,0,0.00%,0,97.23,20/5/2025,E-commerce,Website Banner
105,405,276,4,64.44,64.44,0,0.00%,0,257.76,20/5/2025,E-commerce,Website Banner
893,163,276,4,64.44,64.44,0,0.00%,0,257.76,20/5/2025,App Mobile,App Mobile
1383,1000,145,4,58.25,58.25,0,0.00%,0,233,20/5/2025,E-commerce,Website Banner
157,225,53,4,57.17,57.17,0,0.00%,0,228.68,20/5/2025,App Mobile,App Mobile
2848,479,440,4,52.08,52.08,0,0.00%,0,208.32,20/5/2025,E-commerce,Website Banner
706,163,341,4,51.4,51.4,0,0.00%,0,205.6,20/5/2025,App Mobile,App Mobile
800,458,302,4,43.4,43.4,0,0.00%,0,173.6,20/5/2025,App Mobile,App Mobile
1860,31,375,4,42.67,42.67,0,0.00%,0,170.68,20/5/2025,App Mobile,App Mobile
762,145,143,4,39.75,39.75,0,0.00%,0,159,20/5/2025,E-commerce,Website Banner
292,145,490,4,39.42,39.42,0,0.00%,0,157.68,20/5/2025,E-commerce,Website Banner
2207,98,477,4,38.9,38.9,0,0.00%,0,155.6,20/5/2025,E-commerce,Website Banner
590,1132,5,4,36.84,36.84,0,0.00%,0,147.36,20/5/2025,App Mobile,App Mobile
3345,390,91,4,33.95,33.95,0,0.00%,0,135.8,20/5/2025,App Mobile,App Mobile
3107,390,249,4,28.42,28.42,0,0.00%,0,113.68,20/5/2025,App Mobile,App Mobile
1796,234,346,4,15.31,15.31,0,0.00%,0,61.24,20/5/2025,App Mobile,App Mobile
1016,390,413,5,76.15,76.15,0,0.00%,0,380.75,20/5/2025,App Mobile,App Mobile
306,15,353,5,69.54,69.54,0,0.00%,0,347.7,20/5/2025,E-commerce,Website Banner
2375,1348,307,5,66.87,66.87,0,0.00%,0,334.35,20/5/2025,E-commerce,Website Banner
2333,676,50,5,61.95,61.95,0,0.00%,0,309.75,20/5/2025,App Mobile,App Mobile
1298,458,110,5,58.7,58.7,0,0.00%,0,293.5,20/5/2025,App Mobile,App Mobile
2323,676,32,5,54.83,54.83,0,0.00%,0,274.15,20/5/2025,App Mobile,App Mobile
2056,195,42,5,54.2,54.2,0,0.00%,0,271,20/5/2025,App Mobile,App Mobile
1175,195,421,5,50.89,50.89,0,0.00%,0,254.45,20/5/2025,App Mobile,App Mobile
2179,234,409,5,47.84,47.84,0,0.00%,0,239.2,20/5/2025,App Mobile,App Mobile
2072,515,410,5,47.47,47.47,0,0.00%,0,237.35,20/5/2025,E-commerce,Website Banner
2967,515,137,5,46.52,46.52,0,0.00%,0,232.6,20/5/2025,E-commerce,Website Banner
2581,458,293,5,40.77,40.77,0,0.00%,0,203.85,20/5/2025,App Mobile,App Mobile
3187,11,318,5,37.55,37.55,0,0.00%,0,187.75,20/5/2025,App Mobile,App Mobile
2995,1132,205,5,24.05,24.05,0,0.00%,0,120.25,20/5/2025,App Mobile,App Mobile
2342,52,129,1,60.68,60.68,0,0.00%,0,60.68,21/5/2025,E-commerce,Website Banner
2423,10,347,1,59.92,59.92,0,0.00%,0,59.92,21/5/2025,E-commerce,Website Banner
29,653,461,1,54.91,54.91,0,0.00%,0,54.91,21/5/2025,E-commerce,Website Banner
3295,307,193,1,50.52,50.52,0,0.00%,0,50.52,21/5/2025,E-commerce,Website Banner
1984,392,132,1,46.9,46.9,0,0.00%,0,46.9,21/5/2025,E-commerce,Website Banner
984,525,471,1,40.92,40.92,0,0.00%,0,40.92,21/5/2025,App Mobile,App Mobile
1289,971,471,1,40.92,40.92,0,0.00%,0,40.92,21/5/2025,App Mobile,App Mobile
2604,392,106,1,40.75,40.75,0,0.00%,0,40.75,21/5/2025,E-commerce,Website Banner
78,1129,240,1,38.14,38.14,0,0.00%,0,38.14,21/5/2025,App Mobile,App Mobile
629,139,240,1,38.14,38.14,0,0.00%,0,38.14,21/5/2025,App Mobile,App Mobile
813,1116,198,1,14.64,14.64,0,0.00%,0,14.64,21/5/2025,E-commerce,Website Banner
2758,797,125,2,61.27,61.27,0,0.00%,0,122.54,21/5/2025,E-commerce,Website Banner
1837,10,218,2,48.73,48.73,0,0.00%,0,97.46,21/5/2025,E-commerce,Website Banner
204,1129,211,2,43.5,43.5,0,0.00%,0,87,21/5/2025,App Mobile,App Mobile
1359,123,157,2,41.56,41.56,0,0.00%,0,83.12,21/5/2025,App Mobile,App Mobile
2926,123,471,2,40.92,40.92,0,0.00%,0,81.84,21/5/2025,App Mobile,App Mobile
517,222,148,2,36.69,36.69,0,0.00%,0,73.38,21/5/2025,App Mobile,App Mobile
1686,1220,405,2,34.71,34.71,0,0.00%,0,69.42,21/5/2025,E-commerce,Website Banner
1898,525,437,3,62.17,62.17,0,0.00%,0,186.51,21/5/2025,App Mobile,App Mobile
574,1055,111,3,60.36,60.36,0,0.00%,0,181.08,21/5/2025,App Mobile,App Mobile
1675,222,347,3,59.92,59.92,0,0.00%,0,179.76,21/5/2025,App Mobile,App Mobile
911,525,255,3,51,51,0,0.00%,0,153,21/5/2025,App Mobile,App Mobile
2129,256,138,3,49.21,49.21,0,0.00%,0,147.63,21/5/2025,E-commerce,Website Banner
3332,971,34,3,48.34,48.34,0,0.00%,0,145.02,21/5/2025,App Mobile,App Mobile
1265,797,189,3,48.12,48.12,0,0.00%,0,144.36,21/5/2025,E-commerce,Website Banner
2582,10,254,3,47.44,47.44,0,0.00%,0,142.32,21/5/2025,E-commerce,Website Banner
1665,855,94,3,45.8,45.8,0,0.00%,0,137.4,21/5/2025,App Mobile,App Mobile
1781,1055,477,3,38.9,38.9,0,0.00%,0,116.7,21/5/2025,App Mobile,App Mobile
1760,392,256,3,38.41,38.41,0,0.00%,0,115.23,21/5/2025,E-commerce,Website Banner
537,855,385,4,63.23,63.23,0,0.00%,0,252.92,21/5/2025,App Mobile,App Mobile
2866,123,125,4,61.27,61.27,0,0.00%,0,245.08,21/5/2025,App Mobile,App Mobile
2186,1156,99,4,59.78,59.78,0,0.00%,0,239.12,21/5/2025,App Mobile,App Mobile
2566,139,225,4,58.11,58.11,0,0.00%,0,232.44,21/5/2025,App Mobile,App Mobile
1047,1156,295,4,48.73,48.73,0,0.00%,0,194.92,21/5/2025,App Mobile,App Mobile
2955,1303,308,4,43.27,43.27,0,0.00%,0,173.08,21/5/2025,E-commerce,Website Banner
1694,307,467,4,39.22,39.22,0,0.00%,0,156.88,21/5/2025,E-commerce,Website Banner
2004,256,159,4,33.59,33.59,0,0.00%,0,134.36,21/5/2025,E-commerce,Website Banner
1689,1265,418,4,31.84,31.84,0,0.00%,0,127.36,21/5/2025,E-commerce,Website Banner
2944,307,95,4,31.15,31.15,0,0.00%,0,124.6,21/5/2025,E-commerce,Website Banner
3054,64,65,4,27.45,27.45,0,0.00%,0,109.8,21/5/2025,App Mobile,App Mobile
1878,222,66,4,24.13,24.13,0,0.00%,0,96.52,21/5/2025,App Mobile,App Mobile
3261,52,2,5,78.45,78.45,0,0.00%,0,392.25,21/5/2025,E-commerce,Website Banner
1714,139,310,5,72.1,72.1,0,0.00%,0,360.5,21/5/2025,App Mobile,App Mobile
287,1265,469,5,64.08,64.08,0,0.00%,0,320.4,21/5/2025,E-commerce,Website Banner
2193,653,79,5,63.22,63.22,0,0.00%,0,316.1,21/5/2025,E-commerce,Website Banner
702,1116,305,5,60.79,60.79,0,0.00%,0,303.95,21/5/2025,E-commerce,Website Banner
1178,653,496,5,54.61,54.61,0,0.00%,0,273.05,21/5/2025,E-commerce,Website Banner
1642,883,261,5,46.1,46.1,0,0.00%,0,230.5,21/5/2025,App Mobile,App Mobile
159,1220,155,5,46.07,46.07,0,0.00%,0,230.35,21/5/2025,E-commerce,Website Banner
2728,52,438,5,38.74,38.74,0,0.00%,0,193.7,21/5/2025,E-commerce,Website Banner
2935,883,484,5,38.49,38.49,0,0.00%,0,192.45,21/5/2025,App Mobile,App Mobile
1930,64,342,5,34.35,34.35,0,0.00%,0,171.75,21/5/2025,App Mobile,App Mobile
2615,256,499,5,30.07,30.07,0,0.00%,0,150.35,21/5/2025,E-commerce,Website Banner
975,64,246,5,28.98,28.98,0,0.00%,0,144.9,21/5/2025,App Mobile,App Mobile
2031,1303,164,5,22.96,22.96,0,0.00%,0,114.8,21/5/2025,E-commerce,Website Banner
2490,424,31,1,69.82,69.82,0,0.00%,0,69.82,22/5/2025,App Mobile,App Mobile
1417,75,109,1,45.27,45.27,0,0.00%,0,45.27,22/5/2025,App Mobile,App Mobile
1056,1192,374,1,43.43,43.43,0,0.00%,0,43.43,22/5/2025,App Mobile,App Mobile
2242,873,375,1,42.67,42.67,0,0.00%,0,42.67,22/5/2025,E-commerce,Website Banner
779,958,233,1,38.68,38.68,0,0.00%,0,38.68,22/5/2025,E-commerce,Website Banner
2511,609,240,1,38.14,38.14,0,0.00%,0,38.14,22/5/2025,App Mobile,App Mobile
2543,503,171,1,30.26,30.26,0,0.00%,0,30.26,22/5/2025,E-commerce,Website Banner
359,958,81,1,29.63,29.63,0,0.00%,0,29.63,22/5/2025,E-commerce,Website Banner
3160,216,122,1,24.8,24.8,0,0.00%,0,24.8,22/5/2025,E-commerce,Website Banner
2234,969,260,2,64.28,64.28,0,0.00%,0,128.56,22/5/2025,E-commerce,Website Banner
3025,333,461,2,54.91,54.91,0,0.00%,0,109.82,22/5/2025,E-commerce,Website Banner
2108,609,219,2,49.76,49.76,0,0.00%,0,99.52,22/5/2025,App Mobile,App Mobile
1200,424,34,2,48.34,48.34,0,0.00%,0,96.68,22/5/2025,App Mobile,App Mobile
1534,969,277,2,43.92,43.92,0,0.00%,0,87.84,22/5/2025,E-commerce,Website Banner
1931,503,277,2,43.92,43.92,0,0.00%,0,87.84,22/5/2025,E-commerce,Website Banner
2399,333,240,2,38.14,38.14,0,0.00%,0,76.28,22/5/2025,E-commerce,Website Banner
2842,424,163,3,76.96,76.96,0,0.00%,0,230.88,22/5/2025,App Mobile,App Mobile
352,210,272,3,74.17,74.17,0,0.00%,0,222.51,22/5/2025,E-commerce,Website Banner
2732,75,399,3,61.6,61.6,0,0.00%,0,184.8,22/5/2025,App Mobile,App Mobile
178,503,347,3,59.92,59.92,0,0.00%,0,179.76,22/5/2025,E-commerce,Website Banner
3310,859,225,3,58.11,58.11,0,0.00%,0,174.33,22/5/2025,E-commerce,Website Banner
1218,774,27,3,57.35,57.35,0,0.00%,0,172.05,22/5/2025,App Mobile,App Mobile
2064,1017,455,3,48.03,48.03,0,0.00%,0,144.09,22/5/2025,App Mobile,App Mobile
2345,216,351,3,46.11,46.11,0,0.00%,0,138.33,22/5/2025,E-commerce,Website Banner
2980,1017,374,3,43.43,43.43,0,0.00%,0,130.29,22/5/2025,App Mobile,App Mobile
865,859,498,3,38.33,38.33,0,0.00%,0,114.99,22/5/2025,E-commerce,Website Banner
1451,210,240,3,38.14,38.14,0,0.00%,0,114.42,22/5/2025,E-commerce,Website Banner
943,216,46,3,25.15,25.15,0,0.00%,0,75.45,22/5/2025,E-commerce,Website Banner
483,1310,10,4,79.7,79.7,0,0.00%,0,318.8,22/5/2025,E-commerce,Website Banner
3190,1258,383,4,66.38,66.38,0,0.00%,0,265.52,22/5/2025,App Mobile,App Mobile
3182,1197,288,4,57.11,57.11,0,0.00%,0,228.44,22/5/2025,E-commerce,Website Banner
1495,1352,422,4,55.91,55.91,0,0.00%,0,223.64,22/5/2025,App Mobile,App Mobile
1851,609,488,4,50.68,50.68,0,0.00%,0,202.72,22/5/2025,App Mobile,App Mobile
2647,1352,216,4,48.86,48.86,0,0.00%,0,195.44,22/5/2025,App Mobile,App Mobile
1415,1310,137,4,46.52,46.52,0,0.00%,0,186.08,22/5/2025,E-commerce,Website Banner
2514,1258,177,4,42.66,42.66,0,0.00%,0,170.64,22/5/2025,App Mobile,App Mobile
1244,419,395,4,42.31,42.31,0,0.00%,0,169.24,22/5/2025,E-commerce,Website Banner
280,774,106,4,40.75,40.75,0,0.00%,0,163,22/5/2025,App Mobile,App Mobile
2247,1197,96,4,39.03,39.03,0,0.00%,0,156.12,22/5/2025,E-commerce,Website Banner
1269,75,186,5,59.35,59.35,0,0.00%,0,296.75,22/5/2025,App Mobile,App Mobile
1787,419,265,5,55.25,55.25,0,0.00%,0,276.25,22/5/2025,E-commerce,Website Banner
100,210,432,5,52.39,52.39,0,0.00%,0,261.95,22/5/2025,E-commerce,Website Banner
1045,1192,361,5,51.76,51.76,0,0.00%,0,258.8,22/5/2025,App Mobile,App Mobile
3317,333,230,5,48.3,48.3,0,0.00%,0,241.5,22/5/2025,E-commerce,Website Banner
796,419,201,5,45.62,45.62,0,0.00%,0,228.1,22/5/2025,E-commerce,Website Banner
660,873,184,5,44.08,44.08,0,0.00%,0,220.4,22/5/2025,E-commerce,Website Banner
1831,191,320,1,74.26,74.26,0,0.00%,0,74.26,23/5/2025,App Mobile,App Mobile
2453,707,188,1,55.01,55.01,0,0.00%,0,55.01,23/5/2025,E-commerce,Website Banner
964,675,47,1,53.73,53.73,0,0.00%,0,53.73,23/5/2025,E-commerce,Website Banner
2756,675,300,1,48.88,48.88,0,0.00%,0,48.88,23/5/2025,E-commerce,Website Banner
2637,449,309,1,42.14,42.14,0,0.00%,0,42.14,23/5/2025,E-commerce,Website Banner
2577,707,402,1,34.45,34.45,0,0.00%,0,34.45,23/5/2025,E-commerce,Website Banner
3239,627,469,2,64.08,64.08,0,0.00%,0,128.16,23/5/2025,App Mobile,App Mobile
3258,505,145,2,58.25,58.25,0,0.00%,0,116.5,23/5/2025,App Mobile,App Mobile
786,1155,458,2,53.35,53.35,0,0.00%,0,106.7,23/5/2025,E-commerce,Website Banner
3202,1196,432,2,52.39,52.39,0,0.00%,0,104.78,23/5/2025,App Mobile,App Mobile
2212,627,216,2,48.86,48.86,0,0.00%,0,97.72,23/5/2025,App Mobile,App Mobile
1782,591,62,2,46.09,46.09,0,0.00%,0,92.18,23/5/2025,E-commerce,Website Banner
2787,1211,408,2,37.17,37.17,0,0.00%,0,74.34,23/5/2025,App Mobile,App Mobile
1196,449,148,2,36.69,36.69,0,0.00%,0,73.38,23/5/2025,E-commerce,Website Banner
320,1196,400,2,29.68,29.68,0,0.00%,0,59.36,23/5/2025,App Mobile,App Mobile
1091,505,10,3,79.7,79.7,0,0.00%,0,239.1,23/5/2025,App Mobile,App Mobile
2880,242,276,3,64.44,64.44,0,0.00%,0,193.32,23/5/2025,App Mobile,App Mobile
439,68,237,3,64.08,64.08,0,0.00%,0,192.24,23/5/2025,E-commerce,Website Banner
2281,1342,279,3,51.58,51.58,0,0.00%,0,154.74,23/5/2025,E-commerce,Website Banner
1983,922,232,3,49.34,49.34,0,0.00%,0,148.02,23/5/2025,E-commerce,Website Banner
2572,986,295,3,48.73,48.73,0,0.00%,0,146.19,23/5/2025,App Mobile,App Mobile
1464,505,229,3,45.58,45.58,0,0.00%,0,136.74,23/5/2025,App Mobile,App Mobile
640,242,179,3,44.59,44.59,0,0.00%,0,133.77,23/5/2025,App Mobile,App Mobile
1022,191,120,3,25.7,25.7,0,0.00%,0,77.1,23/5/2025,App Mobile,App Mobile
2420,491,355,3,21.38,21.38,0,0.00%,0,64.14,23/5/2025,E-commerce,Website Banner
15,68,238,4,85.9,85.9,0,0.00%,0,343.6,23/5/2025,E-commerce,Website Banner
2741,591,146,4,81.06,81.06,0,0.00%,0,324.24,23/5/2025,E-commerce,Website Banner
1685,1342,182,4,78.63,78.63,0,0.00%,0,314.52,23/5/2025,E-commerce,Website Banner
575,1155,163,4,76.96,76.96,0,0.00%,0,307.84,23/5/2025,E-commerce,Website Banner
1309,571,392,4,75.47,75.47,0,0.00%,0,301.88,23/5/2025,App Mobile,App Mobile
2560,571,224,4,75.4,75.4,0,0.00%,0,301.6,23/5/2025,App Mobile,App Mobile
982,1211,340,4,60.83,60.83,0,0.00%,0,243.32,23/5/2025,App Mobile,App Mobile
429,191,227,4,57.51,57.51,0,0.00%,0,230.04,23/5/2025,App Mobile,App Mobile
2238,591,150,4,50.04,50.04,0,0.00%,0,200.16,23/5/2025,E-commerce,Website Banner
616,491,427,4,36.01,36.01,0,0.00%,0,144.04,23/5/2025,E-commerce,Website Banner
1664,491,463,5,70.56,70.56,0,0.00%,0,352.8,23/5/2025,E-commerce,Website Banner
182,410,214,5,59.07,59.07,0,0.00%,0,295.35,23/5/2025,E-commerce,Website Banner
497,410,27,5,57.35,57.35,0,0.00%,0,286.75,23/5/2025,E-commerce,Website Banner
899,242,442,5,53.27,53.27,0,0.00%,0,266.35,23/5/2025,App Mobile,App Mobile
463,571,28,5,51.18,51.18,0,0.00%,0,255.9,23/5/2025,App Mobile,App Mobile
2860,627,34,5,48.34,48.34,0,0.00%,0,241.7,23/5/2025,App Mobile,App Mobile
3138,410,132,5,46.9,46.9,0,0.00%,0,234.5,23/5/2025,E-commerce,Website Banner
2624,68,74,5,40.94,40.94,0,0.00%,0,204.7,23/5/2025,E-commerce,Website Banner
2579,922,180,5,38.81,38.81,0,0.00%,0,194.05,23/5/2025,E-commerce,Website Banner
891,449,418,5,31.84,31.84,0,0.00%,0,159.2,23/5/2025,E-commerce,Website Banner
1631,986,195,5,16.69,16.69,0,0.00%,0,83.45,23/5/2025,App Mobile,App Mobile
3113,482,463,1,70.56,70.56,0,0.00%,0,70.56,24/5/2025,App Mobile,App Mobile
1950,666,40,1,53.19,53.19,0,0.00%,0,53.19,24/5/2025,E-commerce,Website Banner
2177,542,252,1,51.17,51.17,0,0.00%,0,51.17,24/5/2025,E-commerce,Website Banner
2594,868,351,1,46.11,46.11,0,0.00%,0,46.11,24/5/2025,App Mobile,App Mobile
1295,332,322,1,44.45,44.45,0,0.00%,0,44.45,24/5/2025,App Mobile,App Mobile
1976,542,402,1,34.45,34.45,0,0.00%,0,34.45,24/5/2025,E-commerce,Website Banner
82,490,258,1,31.48,31.48,0,0.00%,0,31.48,24/5/2025,App Mobile,App Mobile
2359,269,443,1,23.13,23.13,0,0.00%,0,23.13,24/5/2025,App Mobile,App Mobile
362,868,334,1,20.82,20.82,0,0.00%,0,20.82,24/5/2025,App Mobile,App Mobile
680,800,2,2,78.45,78.45,0,0.00%,0,156.9,24/5/2025,E-commerce,Website Banner
1437,899,197,2,66.68,66.68,0,0.00%,0,133.36,24/5/2025,App Mobile,App Mobile
2807,1313,473,2,57.98,57.98,0,0.00%,0,115.96,24/5/2025,App Mobile,App Mobile
238,711,407,2,56.84,56.84,0,0.00%,0,113.68,24/5/2025,App Mobile,App Mobile
396,711,100,2,56.44,56.44,0,0.00%,0,112.88,24/5/2025,App Mobile,App Mobile
2142,156,273,2,50.72,50.72,0,0.00%,0,101.44,24/5/2025,E-commerce,Website Banner
2872,156,141,2,39.16,39.16,0,0.00%,0,78.32,24/5/2025,E-commerce,Website Banner
1615,1273,456,2,39.09,39.09,0,0.00%,0,78.18,24/5/2025,App Mobile,App Mobile
2740,337,497,2,36.05,36.05,0,0.00%,0,72.1,24/5/2025,App Mobile,App Mobile
1972,1146,414,2,35.2,35.2,0,0.00%,0,70.4,24/5/2025,E-commerce,Website Banner
2254,1087,420,3,72.58,72.58,0,0.00%,0,217.74,24/5/2025,App Mobile,App Mobile
2557,1273,360,3,69.48,69.48,0,0.00%,0,208.44,24/5/2025,App Mobile,App Mobile
93,490,323,3,62.34,62.34,0,0.00%,0,187.02,24/5/2025,App Mobile,App Mobile
460,794,351,3,46.11,46.11,0,0.00%,0,138.33,24/5/2025,App Mobile,App Mobile
1233,482,329,3,43.09,43.09,0,0.00%,0,129.27,24/5/2025,App Mobile,App Mobile
3349,332,204,3,39.2,39.2,0,0.00%,0,117.6,24/5/2025,App Mobile,App Mobile
2430,482,313,3,35.69,35.69,0,0.00%,0,107.07,24/5/2025,App Mobile,App Mobile
957,794,452,3,30.85,30.85,0,0.00%,0,92.55,24/5/2025,App Mobile,App Mobile
686,1313,14,3,24.96,24.96,0,0.00%,0,74.88,24/5/2025,App Mobile,App Mobile
748,542,212,4,74.13,74.13,0,0.00%,0,296.52,24/5/2025,E-commerce,Website Banner
1505,1146,469,4,64.08,64.08,0,0.00%,0,256.32,24/5/2025,E-commerce,Website Banner
1980,490,384,4,58.94,58.94,0,0.00%,0,235.76,24/5/2025,App Mobile,App Mobile
867,337,213,4,57.31,57.31,0,0.00%,0,229.24,24/5/2025,App Mobile,App Mobile
235,1008,299,4,52.65,52.65,0,0.00%,0,210.6,24/5/2025,App Mobile,App Mobile
2544,269,341,4,51.4,51.4,0,0.00%,0,205.6,24/5/2025,App Mobile,App Mobile
3126,666,161,4,45.75,45.75,0,0.00%,0,183,24/5/2025,E-commerce,Website Banner
2046,1008,184,4,44.08,44.08,0,0.00%,0,176.32,24/5/2025,App Mobile,App Mobile
2356,337,289,4,41.51,41.51,0,0.00%,0,166.04,24/5/2025,App Mobile,App Mobile
1333,899,490,4,39.42,39.42,0,0.00%,0,157.68,24/5/2025,App Mobile,App Mobile
1919,1087,248,4,36.79,36.79,0,0.00%,0,147.16,24/5/2025,App Mobile,App Mobile
856,800,10,5,79.7,79.7,0,0.00%,0,398.5,24/5/2025,E-commerce,Website Banner
1135,269,124,5,55.04,55.04,0,0.00%,0,275.2,24/5/2025,App Mobile,App Mobile
1357,332,363,5,43.64,43.64,0,0.00%,0,218.2,24/5/2025,App Mobile,App Mobile
2173,156,251,5,36.88,36.88,0,0.00%,0,184.4,24/5/2025,E-commerce,Website Banner
513,1093,294,1,56.69,56.69,0,0.00%,0,56.69,25/5/2025,App Mobile,App Mobile
180,1093,290,1,50.86,50.86,0,0.00%,0,50.86,25/5/2025,App Mobile,App Mobile
843,80,488,1,50.68,50.68,0,0.00%,0,50.68,25/5/2025,E-commerce,Website Banner
2921,469,456,1,39.09,39.09,0,0.00%,0,39.09,25/5/2025,E-commerce,Website Banner
1387,555,209,1,32.41,32.41,0,0.00%,0,32.41,25/5/2025,App Mobile,App Mobile
792,555,359,2,74.28,74.28,0,0.00%,0,148.56,25/5/2025,App Mobile,App Mobile
2433,142,207,2,67.98,67.98,0,0.00%,0,135.96,25/5/2025,E-commerce,Website Banner
3194,1028,207,2,67.98,67.98,0,0.00%,0,135.96,25/5/2025,E-commerce,Website Banner
1429,844,19,2,65.26,65.26,0,0.00%,0,130.52,25/5/2025,E-commerce,Website Banner
223,113,483,2,60.89,60.89,0,0.00%,0,121.78,25/5/2025,App Mobile,App Mobile
3311,113,78,2,59.21,59.21,0,0.00%,0,118.42,25/5/2025,App Mobile,App Mobile
2053,612,450,2,50.85,50.85,0,0.00%,0,101.7,25/5/2025,App Mobile,App Mobile
2214,469,268,2,49.59,49.59,0,0.00%,0,99.18,25/5/2025,E-commerce,Website Banner
138,142,128,2,44.9,44.9,0,0.00%,0,89.8,25/5/2025,E-commerce,Website Banner
276,498,55,2,44.32,44.32,0,0.00%,0,88.64,25/5/2025,E-commerce,Website Banner
5,886,414,2,35.2,35.2,0,0.00%,0,70.4,25/5/2025,E-commerce,Website Banner
1161,142,266,3,61.67,61.67,0,0.00%,0,185.01,25/5/2025,E-commerce,Website Banner
3159,362,191,3,60.52,60.52,0,0.00%,0,181.56,25/5/2025,App Mobile,App Mobile
1548,469,244,3,59.32,59.32,0,0.00%,0,177.96,25/5/2025,E-commerce,Website Banner
173,309,410,3,47.47,47.47,0,0.00%,0,142.41,25/5/2025,App Mobile,App Mobile
2622,309,349,3,46.72,46.72,0,0.00%,0,140.16,25/5/2025,App Mobile,App Mobile
1092,309,231,3,44.06,44.06,0,0.00%,0,132.18,25/5/2025,App Mobile,App Mobile
3119,362,309,3,42.14,42.14,0,0.00%,0,126.42,25/5/2025,App Mobile,App Mobile
2766,80,456,3,39.09,39.09,0,0.00%,0,117.27,25/5/2025,E-commerce,Website Banner
1586,844,402,3,34.45,34.45,0,0.00%,0,103.35,25/5/2025,E-commerce,Website Banner
1087,113,426,4,51.97,51.97,0,0.00%,0,207.88,25/5/2025,App Mobile,App Mobile
2782,80,419,4,50.34,50.34,0,0.00%,0,201.36,25/5/2025,E-commerce,Website Banner
2568,498,113,4,39.18,39.18,0,0.00%,0,156.72,25/5/2025,E-commerce,Website Banner
1734,1028,240,4,38.14,38.14,0,0.00%,0,152.56,25/5/2025,E-commerce,Website Banner
525,612,258,4,31.48,31.48,0,0.00%,0,125.92,25/5/2025,App Mobile,App Mobile
3326,612,310,5,72.1,72.1,0,0.00%,0,360.5,25/5/2025,App Mobile,App Mobile
1431,914,40,5,53.19,53.19,0,0.00%,0,265.95,25/5/2025,App Mobile,App Mobile
1077,498,147,5,52.91,52.91,0,0.00%,0,264.55,25/5/2025,E-commerce,Website Banner
212,955,242,5,51.25,51.25,0,0.00%,0,256.25,25/5/2025,App Mobile,App Mobile
1966,955,228,5,46.89,46.89,0,0.00%,0,234.45,25/5/2025,App Mobile,App Mobile
1552,362,86,5,41.26,41.26,0,0.00%,0,206.3,25/5/2025,App Mobile,App Mobile
488,914,204,5,39.2,39.2,0,0.00%,0,196,25/5/2025,App Mobile,App Mobile
904,555,113,5,39.18,39.18,0,0.00%,0,195.9,25/5/2025,App Mobile,App Mobile
1977,886,330,5,33.94,33.94,0,0.00%,0,169.7,25/5/2025,E-commerce,Website Banner
507,404,324,1,60.31,60.31,0,0.00%,0,60.31,26/5/2025,E-commerce,Website Banner
2437,277,291,1,59.56,59.56,0,0.00%,0,59.56,26/5/2025,E-commerce,Website Banner
2368,629,49,1,57.35,57.35,0,0.00%,0,57.35,26/5/2025,App Mobile,App Mobile
2362,265,424,1,55.39,55.39,0,0.00%,0,55.39,26/5/2025,App Mobile,App Mobile
2438,604,25,1,52.94,52.94,0,0.00%,0,52.94,26/5/2025,E-commerce,Website Banner
2759,346,253,1,50.55,50.55,0,0.00%,0,50.55,26/5/2025,App Mobile,App Mobile
1172,845,94,1,45.8,45.8,0,0.00%,0,45.8,26/5/2025,E-commerce,Website Banner
1793,90,363,1,43.64,43.64,0,0.00%,0,43.64,26/5/2025,E-commerce,Website Banner
215,404,338,1,33.39,33.39,0,0.00%,0,33.39,26/5/2025,E-commerce,Website Banner
951,1058,146,2,81.06,81.06,0,0.00%,0,162.12,26/5/2025,E-commerce,Website Banner
2755,265,182,2,78.63,78.63,0,0.00%,0,157.26,26/5/2025,App Mobile,App Mobile
764,8,420,2,72.58,72.58,0,0.00%,0,145.16,26/5/2025,App Mobile,App Mobile
451,38,142,2,67.29,67.29,0,0.00%,0,134.58,26/5/2025,E-commerce,Website Banner
1483,346,493,2,57.37,57.37,0,0.00%,0,114.74,26/5/2025,App Mobile,App Mobile
2431,38,168,2,54.74,54.74,0,0.00%,0,109.48,26/5/2025,E-commerce,Website Banner
2082,282,147,2,52.91,52.91,0,0.00%,0,105.82,26/5/2025,App Mobile,App Mobile
2171,277,217,2,52.12,52.12,0,0.00%,0,104.24,26/5/2025,E-commerce,Website Banner
1907,265,482,2,47.59,47.59,0,0.00%,0,95.18,26/5/2025,App Mobile,App Mobile
2680,129,449,2,46.9,46.9,0,0.00%,0,93.8,26/5/2025,App Mobile,App Mobile
2379,61,333,2,46.04,46.04,0,0.00%,0,92.08,26/5/2025,App Mobile,App Mobile
1962,700,95,2,31.15,31.15,0,0.00%,0,62.3,26/5/2025,E-commerce,Website Banner
2335,700,323,3,62.34,62.34,0,0.00%,0,187.02,26/5/2025,E-commerce,Website Banner
2551,90,399,3,61.6,61.6,0,0.00%,0,184.8,26/5/2025,E-commerce,Website Banner
805,129,78,3,59.21,59.21,0,0.00%,0,177.63,26/5/2025,App Mobile,App Mobile
1956,404,231,3,44.06,44.06,0,0.00%,0,132.18,26/5/2025,E-commerce,Website Banner
1498,1254,312,3,43.84,43.84,0,0.00%,0,131.52,26/5/2025,App Mobile,App Mobile
884,61,414,3,35.2,35.2,0,0.00%,0,105.6,26/5/2025,App Mobile,App Mobile
2107,8,30,3,31.09,31.09,0,0.00%,0,93.27,26/5/2025,App Mobile,App Mobile
403,604,237,4,64.08,64.08,0,0.00%,0,256.32,26/5/2025,E-commerce,Website Banner
411,1130,152,4,61.7,61.7,0,0.00%,0,246.8,26/5/2025,E-commerce,Website Banner
96,38,175,4,49.16,49.16,0,0.00%,0,196.64,26/5/2025,E-commerce,Website Banner
2122,629,335,4,45.97,45.97,0,0.00%,0,183.88,26/5/2025,App Mobile,App Mobile
863,1058,29,4,44.27,44.27,0,0.00%,0,177.08,26/5/2025,E-commerce,Website Banner
2845,61,434,4,43.14,43.14,0,0.00%,0,172.56,26/5/2025,App Mobile,App Mobile
2820,129,24,4,42.76,42.76,0,0.00%,0,171.04,26/5/2025,App Mobile,App Mobile
2052,629,325,4,39.78,39.78,0,0.00%,0,159.12,26/5/2025,App Mobile,App Mobile
2915,1180,256,4,38.41,38.41,0,0.00%,0,153.64,26/5/2025,E-commerce,Website Banner
252,346,498,4,38.33,38.33,0,0.00%,0,153.32,26/5/2025,App Mobile,App Mobile
908,90,408,4,37.17,37.17,0,0.00%,0,148.68,26/5/2025,E-commerce,Website Banner
1319,282,105,4,36.9,36.9,0,0.00%,0,147.6,26/5/2025,App Mobile,App Mobile
2868,282,59,4,34.58,34.58,0,0.00%,0,138.32,26/5/2025,App Mobile,App Mobile
1699,277,212,5,74.13,74.13,0,0.00%,0,370.65,26/5/2025,E-commerce,Website Banner
2723,1254,310,5,72.1,72.1,0,0.00%,0,360.5,26/5/2025,App Mobile,App Mobile
230,1130,131,5,66.63,66.63,0,0.00%,0,333.15,26/5/2025,E-commerce,Website Banner
2294,845,147,5,52.91,52.91,0,0.00%,0,264.55,26/5/2025,E-commerce,Website Banner
694,604,387,5,38.06,38.06,0,0.00%,0,190.3,26/5/2025,E-commerce,Website Banner
3348,8,330,5,33.94,33.94,0,0.00%,0,169.7,26/5/2025,App Mobile,App Mobile
2749,1180,3,5,23.9,23.9,0,0.00%,0,119.5,26/5/2025,E-commerce,Website Banner
1785,670,360,1,69.48,69.48,0,0.00%,0,69.48,27/5/2025,App Mobile,App Mobile
921,577,265,1,55.25,55.25,0,0.00%,0,55.25,27/5/2025,E-commerce,Website Banner
839,461,468,1,51.8,51.8,0,0.00%,0,51.8,27/5/2025,E-commerce,Website Banner
2274,1098,450,1,50.85,50.85,0,0.00%,0,50.85,27/5/2025,App Mobile,App Mobile
1262,1109,190,1,49.41,49.41,0,0.00%,0,49.41,27/5/2025,E-commerce,Website Banner
118,577,453,1,32.05,32.05,0,0.00%,0,32.05,27/5/2025,E-commerce,Website Banner
2853,1108,400,1,29.68,29.68,0,0.00%,0,29.68,27/5/2025,E-commerce,Website Banner
1979,989,239,2,66.99,66.99,0,0.00%,0,133.98,27/5/2025,E-commerce,Website Banner
2325,1322,321,2,58.09,58.09,0,0.00%,0,116.18,27/5/2025,E-commerce,Website Banner
1746,838,299,2,52.65,52.65,0,0.00%,0,105.3,27/5/2025,E-commerce,Website Banner
1441,670,275,2,52.11,52.11,0,0.00%,0,104.22,27/5/2025,App Mobile,App Mobile
636,351,150,2,50.04,50.04,0,0.00%,0,100.08,27/5/2025,E-commerce,Website Banner
1920,1257,204,2,39.2,39.2,0,0.00%,0,78.4,27/5/2025,E-commerce,Website Banner
47,577,492,2,37.12,37.12,0,0.00%,0,74.24,27/5/2025,E-commerce,Website Banner
2473,1349,415,2,28.73,28.73,0,0.00%,0,57.46,27/5/2025,E-commerce,Website Banner
197,1109,198,2,14.64,14.64,0,0.00%,0,29.28,27/5/2025,E-commerce,Website Banner
2761,201,192,3,62.48,62.48,0,0.00%,0,187.44,27/5/2025,App Mobile,App Mobile
1343,461,213,3,57.31,57.31,0,0.00%,0,171.93,27/5/2025,E-commerce,Website Banner
120,1108,481,3,54.87,54.87,0,0.00%,0,164.61,27/5/2025,E-commerce,Website Banner
2549,351,73,3,53.25,53.25,0,0.00%,0,159.75,27/5/2025,E-commerce,Website Banner
3164,1123,480,3,51.63,51.63,0,0.00%,0,154.89,27/5/2025,E-commerce,Website Banner
1447,989,336,3,51.22,51.22,0,0.00%,0,153.66,27/5/2025,E-commerce,Website Banner
2100,1322,336,3,51.22,51.22,0,0.00%,0,153.66,27/5/2025,E-commerce,Website Banner
63,965,255,3,51,51,0,0.00%,0,153,27/5/2025,E-commerce,Website Banner
1376,1349,233,3,38.68,38.68,0,0.00%,0,116.04,27/5/2025,E-commerce,Website Banner
1639,201,387,3,38.06,38.06,0,0.00%,0,114.18,27/5/2025,App Mobile,App Mobile
1473,838,129,4,60.68,60.68,0,0.00%,0,242.72,27/5/2025,E-commerce,Website Banner
2657,950,291,4,59.56,59.56,0,0.00%,0,238.24,27/5/2025,E-commerce,Website Banner
2252,1015,8,4,50.91,50.91,0,0.00%,0,203.64,27/5/2025,App Mobile,App Mobile
2286,980,268,4,49.59,49.59,0,0.00%,0,198.36,27/5/2025,App Mobile,App Mobile
836,965,74,4,40.94,40.94,0,0.00%,0,163.76,27/5/2025,E-commerce,Website Banner
132,1015,387,4,38.06,38.06,0,0.00%,0,152.24,27/5/2025,App Mobile,App Mobile
2183,913,427,4,36.01,36.01,0,0.00%,0,144.04,27/5/2025,App Mobile,App Mobile
1617,1257,474,5,68.47,68.47,0,0.00%,0,342.35,27/5/2025,E-commerce,Website Banner
3024,1098,129,5,60.68,60.68,0,0.00%,0,303.4,27/5/2025,App Mobile,App Mobile
2891,950,53,5,57.17,57.17,0,0.00%,0,285.85,27/5/2025,E-commerce,Website Banner
3075,980,69,5,49.98,49.98,0,0.00%,0,249.9,27/5/2025,App Mobile,App Mobile
2512,351,228,5,46.89,46.89,0,0.00%,0,234.45,27/5/2025,E-commerce,Website Banner
600,461,102,5,43.06,43.06,0,0.00%,0,215.3,27/5/2025,E-commerce,Website Banner
741,201,240,5,38.14,38.14,0,0.00%,0,190.7,27/5/2025,App Mobile,App Mobile
1267,1123,208,5,37.45,37.45,0,0.00%,0,187.25,27/5/2025,E-commerce,Website Banner
815,913,84,5,31.84,31.84,0,0.00%,0,159.2,27/5/2025,App Mobile,App Mobile
1624,54,435,1,64.5,64.5,0,0.00%,0,64.5,28/5/2025,App Mobile,App Mobile
200,564,288,1,57.11,57.11,0,0.00%,0,57.11,28/5/2025,E-commerce,Website Banner
2524,527,481,1,54.87,54.87,0,0.00%,0,54.87,28/5/2025,E-commerce,Website Banner
2245,36,445,1,52.28,52.28,0,0.00%,0,52.28,28/5/2025,E-commerce,Website Banner
1078,777,436,1,49.81,49.81,0,0.00%,0,49.81,28/5/2025,E-commerce,Website Banner
828,202,54,2,60.33,60.33,0,0.00%,0,120.66,28/5/2025,App Mobile,App Mobile
1667,1239,472,2,59.9,59.9,0,0.00%,0,119.8,28/5/2025,E-commerce,Website Banner
2700,768,244,2,59.32,59.32,0,0.00%,0,118.64,28/5/2025,E-commerce,Website Banner
2468,165,124,2,55.04,55.04,0,0.00%,0,110.08,28/5/2025,E-commerce,Website Banner
1221,396,188,2,55.01,55.01,0,0.00%,0,110.02,28/5/2025,E-commerce,Website Banner
2886,165,221,2,53.7,53.7,0,0.00%,0,107.4,28/5/2025,E-commerce,Website Banner
1770,768,421,2,50.89,50.89,0,0.00%,0,101.78,28/5/2025,E-commerce,Website Banner
3366,1205,69,2,49.98,49.98,0,0.00%,0,99.96,28/5/2025,E-commerce,Website Banner
1153,1343,230,2,48.3,48.3,0,0.00%,0,96.6,28/5/2025,E-commerce,Website Banner
1774,36,200,2,46.41,46.41,0,0.00%,0,92.82,28/5/2025,E-commerce,Website Banner
804,165,201,2,45.62,45.62,0,0.00%,0,91.24,28/5/2025,E-commerce,Website Banner
1753,564,148,2,36.69,36.69,0,0.00%,0,73.38,28/5/2025,E-commerce,Website Banner
620,960,14,2,24.96,24.96,0,0.00%,0,49.92,28/5/2025,E-commerce,Website Banner
1332,54,104,3,73.78,73.78,0,0.00%,0,221.34,28/5/2025,App Mobile,App Mobile
2970,1205,167,3,70.55,70.55,0,0.00%,0,211.65,28/5/2025,E-commerce,Website Banner
2930,870,223,3,57.36,57.36,0,0.00%,0,172.08,28/5/2025,App Mobile,App Mobile
1401,396,170,3,51.27,51.27,0,0.00%,0,153.81,28/5/2025,E-commerce,Website Banner
2721,54,211,3,43.5,43.5,0,0.00%,0,130.5,28/5/2025,App Mobile,App Mobile
1141,527,24,3,42.76,42.76,0,0.00%,0,128.28,28/5/2025,E-commerce,Website Banner
2380,1134,423,3,41.64,41.64,0,0.00%,0,124.92,28/5/2025,App Mobile,App Mobile
1462,1239,70,4,66.33,66.33,0,0.00%,0,265.32,28/5/2025,E-commerce,Website Banner
2966,36,286,4,58.91,58.91,0,0.00%,0,235.64,28/5/2025,E-commerce,Website Banner
765,1134,436,4,49.81,49.81,0,0.00%,0,199.24,28/5/2025,App Mobile,App Mobile
1813,870,121,4,47.91,47.91,0,0.00%,0,191.64,28/5/2025,App Mobile,App Mobile
3277,202,118,4,46.99,46.99,0,0.00%,0,187.96,28/5/2025,App Mobile,App Mobile
1589,960,429,4,43.34,43.34,0,0.00%,0,173.36,28/5/2025,E-commerce,Website Banner
1925,396,129,5,60.68,60.68,0,0.00%,0,303.4,28/5/2025,E-commerce,Website Banner
2192,777,181,5,52.18,52.18,0,0.00%,0,260.9,28/5/2025,E-commerce,Website Banner
2292,1343,28,5,51.18,51.18,0,0.00%,0,255.9,28/5/2025,E-commerce,Website Banner
773,527,410,5,47.47,47.47,0,0.00%,0,237.35,28/5/2025,E-commerce,Website Banner
2180,564,489,5,44.21,44.21,0,0.00%,0,221.05,28/5/2025,E-commerce,Website Banner
300,202,423,5,41.64,41.64,0,0.00%,0,208.2,28/5/2025,App Mobile,App Mobile
2917,258,392,1,75.47,75.47,0,0.00%,0,75.47,29/5/2025,E-commerce,Website Banner
3189,179,379,1,70.82,70.82,0,0.00%,0,70.82,29/5/2025,App Mobile,App Mobile
2421,1025,253,1,50.55,50.55,0,0.00%,0,50.55,29/5/2025,App Mobile,App Mobile
1448,614,109,1,45.27,45.27,0,0.00%,0,45.27,29/5/2025,App Mobile,App Mobile
350,245,373,1,44.12,44.12,0,0.00%,0,44.12,29/5/2025,E-commerce,Website Banner
490,1025,490,1,39.42,39.42,0,0.00%,0,39.42,29/5/2025,App Mobile,App Mobile
2630,56,5,1,36.84,36.84,0,0.00%,0,36.84,29/5/2025,App Mobile,App Mobile
3288,926,23,1,27.5,27.5,0,0.00%,0,27.5,29/5/2025,E-commerce,Website Banner
485,285,73,2,53.25,53.25,0,0.00%,0,106.5,29/5/2025,App Mobile,App Mobile
255,245,43,2,49.4,49.4,0,0.00%,0,98.8,29/5/2025,E-commerce,Website Banner
2736,926,423,2,41.64,41.64,0,0.00%,0,83.28,29/5/2025,E-commerce,Website Banner
3231,245,178,2,39.34,39.34,0,0.00%,0,78.68,29/5/2025,E-commerce,Website Banner
3143,902,95,2,31.15,31.15,0,0.00%,0,62.3,29/5/2025,App Mobile,App Mobile
256,285,194,3,64.11,64.11,0,0.00%,0,192.33,29/5/2025,App Mobile,App Mobile
3342,702,134,3,61.75,61.75,0,0.00%,0,185.25,29/5/2025,App Mobile,App Mobile
809,258,331,3,53.34,53.34,0,0.00%,0,160.02,29/5/2025,E-commerce,Website Banner
3051,1229,440,3,52.08,52.08,0,0.00%,0,156.24,29/5/2025,App Mobile,App Mobile
3287,285,69,3,49.98,49.98,0,0.00%,0,149.94,29/5/2025,App Mobile,App Mobile
1391,334,200,3,46.41,46.41,0,0.00%,0,139.23,29/5/2025,App Mobile,App Mobile
763,56,211,3,43.5,43.5,0,0.00%,0,130.5,29/5/2025,App Mobile,App Mobile
2262,334,302,3,43.4,43.4,0,0.00%,0,130.2,29/5/2025,App Mobile,App Mobile
2742,334,326,4,56.7,56.7,0,0.00%,0,226.8,29/5/2025,App Mobile,App Mobile
3033,179,73,4,53.25,53.25,0,0.00%,0,213,29/5/2025,App Mobile,App Mobile
324,258,396,4,51,51,0,0.00%,0,204,29/5/2025,E-commerce,Website Banner
2493,630,455,4,48.03,48.03,0,0.00%,0,192.12,29/5/2025,E-commerce,Website Banner
2149,865,55,4,44.32,44.32,0,0.00%,0,177.28,29/5/2025,E-commerce,Website Banner
545,56,177,4,42.66,42.66,0,0.00%,0,170.64,29/5/2025,App Mobile,App Mobile
2057,630,498,4,38.33,38.33,0,0.00%,0,153.32,29/5/2025,E-commerce,Website Banner
2640,702,441,4,36.99,36.99,0,0.00%,0,147.96,29/5/2025,App Mobile,App Mobile
2484,630,187,4,30.19,30.19,0,0.00%,0,120.76,29/5/2025,E-commerce,Website Banner
2447,614,275,5,52.11,52.11,0,0.00%,0,260.55,29/5/2025,App Mobile,App Mobile
727,902,460,5,48.64,48.64,0,0.00%,0,243.2,29/5/2025,App Mobile,App Mobile
175,179,274,5,48.38,48.38,0,0.00%,0,241.9,29/5/2025,App Mobile,App Mobile
62,614,484,5,38.49,38.49,0,0.00%,0,192.45,29/5/2025,App Mobile,App Mobile
1116,1229,318,5,37.55,37.55,0,0.00%,0,187.75,29/5/2025,App Mobile,App Mobile
2504,865,441,5,36.99,36.99,0,0.00%,0,184.95,29/5/2025,E-commerce,Website Banner
2175,594,101,1,58.11,58.11,0,0.00%,0,58.11,30/5/2025,App Mobile,App Mobile
2538,531,97,1,55.27,55.27,0,0.00%,0,55.27,30/5/2025,App Mobile,App Mobile
264,433,161,1,45.75,45.75,0,0.00%,0,45.75,30/5/2025,App Mobile,App Mobile
2578,949,82,1,32.21,32.21,0,0.00%,0,32.21,30/5/2025,E-commerce,Website Banner
2645,1067,452,1,30.85,30.85,0,0.00%,0,30.85,30/5/2025,App Mobile,App Mobile
1881,531,463,2,70.56,70.56,0,0.00%,0,141.12,30/5/2025,App Mobile,App Mobile
170,92,142,2,67.29,67.29,0,0.00%,0,134.58,30/5/2025,App Mobile,App Mobile
168,686,44,2,64.84,64.84,0,0.00%,0,129.68,30/5/2025,E-commerce,Website Banner
3183,348,361,2,51.76,51.76,0,0.00%,0,103.52,30/5/2025,E-commerce,Website Banner
2265,610,436,2,49.81,49.81,0,0.00%,0,99.62,30/5/2025,E-commerce,Website Banner
778,1149,449,2,46.9,46.9,0,0.00%,0,93.8,30/5/2025,E-commerce,Website Banner
3255,686,180,2,38.81,38.81,0,0.00%,0,77.62,30/5/2025,E-commerce,Website Banner
1294,905,148,2,36.69,36.69,0,0.00%,0,73.38,30/5/2025,App Mobile,App Mobile
2235,905,171,2,30.26,30.26,0,0.00%,0,60.52,30/5/2025,App Mobile,App Mobile
823,949,350,2,27.62,27.62,0,0.00%,0,55.24,30/5/2025,E-commerce,Website Banner
1875,433,224,3,75.4,75.4,0,0.00%,0,226.2,30/5/2025,App Mobile,App Mobile
903,724,313,3,35.69,35.69,0,0.00%,0,107.07,30/5/2025,E-commerce,Website Banner
30,232,342,3,34.35,34.35,0,0.00%,0,103.05,30/5/2025,App Mobile,App Mobile
1440,348,314,4,56.29,56.29,0,0.00%,0,225.16,30/5/2025,E-commerce,Website Banner
1237,92,55,4,44.32,44.32,0,0.00%,0,177.28,30/5/2025,App Mobile,App Mobile
412,610,211,4,43.5,43.5,0,0.00%,0,174,30/5/2025,E-commerce,Website Banner
2237,1067,263,4,42.48,42.48,0,0.00%,0,169.92,30/5/2025,App Mobile,App Mobile
846,610,9,4,40.5,40.5,0,0.00%,0,162,30/5/2025,E-commerce,Website Banner
2993,433,459,5,75.17,75.17,0,0.00%,0,375.85,30/5/2025,App Mobile,App Mobile
1145,1149,353,5,69.54,69.54,0,0.00%,0,347.7,30/5/2025,E-commerce,Website Banner
1020,348,166,5,65.26,65.26,0,0.00%,0,326.3,30/5/2025,E-commerce,Website Banner
2250,92,347,5,59.92,59.92,0,0.00%,0,299.6,30/5/2025,App Mobile,App Mobile
51,232,213,5,57.31,57.31,0,0.00%,0,286.55,30/5/2025,App Mobile,App Mobile
1117,594,409,5,47.84,47.84,0,0.00%,0,239.2,30/5/2025,App Mobile,App Mobile
1000,531,29,5,44.27,44.27,0,0.00%,0,221.35,30/5/2025,App Mobile,App Mobile
3165,594,204,5,39.2,39.2,0,0.00%,0,196,30/5/2025,App Mobile,App Mobile
657,232,343,5,34.39,34.39,0,0.00%,0,171.95,30/5/2025,App Mobile,App Mobile
685,724,346,5,15.31,15.31,0,0.00%,0,76.55,30/5/2025,E-commerce,Website Banner
41,581,31,1,69.82,69.82,0,0.00%,0,69.82,31/5/2025,E-commerce,Website Banner
684,209,474,1,68.47,68.47,0,0.00%,0,68.47,31/5/2025,App Mobile,App Mobile
3055,42,470,1,67.73,67.73,0,0.00%,0,67.73,31/5/2025,App Mobile,App Mobile
1356,1128,307,1,66.87,66.87,0,0.00%,0,66.87,31/5/2025,App Mobile,App Mobile
2658,1103,35,1,61.61,61.61,0,0.00%,0,61.61,31/5/2025,E-commerce,Website Banner
3191,761,391,1,59.77,59.77,0,0.00%,0,59.77,31/5/2025,E-commerce,Website Banner
110,1034,214,1,59.07,59.07,0,0.00%,0,59.07,31/5/2025,App Mobile,App Mobile
1745,264,321,1,58.09,58.09,0,0.00%,0,58.09,31/5/2025,App Mobile,App Mobile
2846,601,83,1,57.8,57.8,0,0.00%,0,57.8,31/5/2025,E-commerce,Website Banner
1590,551,255,1,51,51,0,0.00%,0,51,31/5/2025,E-commerce,Website Banner
1621,551,69,1,49.98,49.98,0,0.00%,0,49.98,31/5/2025,E-commerce,Website Banner
3059,956,268,1,49.59,49.59,0,0.00%,0,49.59,31/5/2025,App Mobile,App Mobile
2413,1103,137,1,46.52,46.52,0,0.00%,0,46.52,31/5/2025,E-commerce,Website Banner
3144,535,404,1,45.19,45.19,0,0.00%,0,45.19,31/5/2025,App Mobile,App Mobile
2927,42,233,1,38.68,38.68,0,0.00%,0,38.68,31/5/2025,App Mobile,App Mobile
1405,603,41,1,37.94,37.94,0,0.00%,0,37.94,31/5/2025,App Mobile,App Mobile
1842,839,243,1,37.06,37.06,0,0.00%,0,37.06,31/5/2025,App Mobile,App Mobile
379,895,139,1,33.59,33.59,0,0.00%,0,33.59,31/5/2025,App Mobile,App Mobile
1944,1128,39,1,29.97,29.97,0,0.00%,0,29.97,31/5/2025,App Mobile,App Mobile
864,319,246,1,28.98,28.98,0,0.00%,0,28.98,31/5/2025,App Mobile,App Mobile
1520,1311,415,1,28.73,28.73,0,0.00%,0,28.73,31/5/2025,E-commerce,Website Banner
1436,895,23,1,27.5,27.5,0,0.00%,0,27.5,31/5/2025,App Mobile,App Mobile
473,580,115,2,62.27,62.27,0,0.00%,0,124.54,31/5/2025,App Mobile,App Mobile
2898,956,22,2,58.26,58.26,0,0.00%,0,116.52,31/5/2025,App Mobile,App Mobile
1499,601,357,2,56.91,56.91,0,0.00%,0,113.82,31/5/2025,E-commerce,Website Banner
75,264,124,2,55.04,55.04,0,0.00%,0,110.08,31/5/2025,App Mobile,App Mobile
2865,209,252,2,51.17,51.17,0,0.00%,0,102.34,31/5/2025,App Mobile,App Mobile
413,1244,150,2,50.04,50.04,0,0.00%,0,100.08,31/5/2025,E-commerce,Website Banner
2562,264,375,2,42.67,42.67,0,0.00%,0,85.34,31/5/2025,App Mobile,App Mobile
1882,42,92,2,40.25,40.25,0,0.00%,0,80.5,31/5/2025,App Mobile,App Mobile
1705,785,174,2,26.41,26.41,0,0.00%,0,52.82,31/5/2025,App Mobile,App Mobile
122,240,281,3,65.94,65.94,0,0.00%,0,197.82,31/5/2025,App Mobile,App Mobile
3234,603,186,3,59.35,59.35,0,0.00%,0,178.05,31/5/2025,App Mobile,App Mobile
426,312,390,3,59.33,59.33,0,0.00%,0,177.99,31/5/2025,E-commerce,Website Banner
3314,1285,156,3,55.52,55.52,0,0.00%,0,166.56,31/5/2025,App Mobile,App Mobile
1630,603,419,3,50.34,50.34,0,0.00%,0,151.02,31/5/2025,App Mobile,App Mobile
1558,580,455,3,48.03,48.03,0,0.00%,0,144.09,31/5/2025,App Mobile,App Mobile
6,321,46,3,25.15,25.15,0,0.00%,0,75.45,31/5/2025,App Mobile,App Mobile
544,240,10,4,79.7,79.7,0,0.00%,0,318.8,31/5/2025,App Mobile,App Mobile
1304,581,116,4,74.81,74.81,0,0.00%,0,299.24,31/5/2025,E-commerce,Website Banner
2569,1311,4,4,60,60,0,0.00%,0,240,31/5/2025,E-commerce,Website Banner
226,535,78,4,59.21,59.21,0,0.00%,0,236.84,31/5/2025,App Mobile,App Mobile
1912,1285,53,4,57.17,57.17,0,0.00%,0,228.68,31/5/2025,App Mobile,App Mobile
329,312,314,4,56.29,56.29,0,0.00%,0,225.16,31/5/2025,E-commerce,Website Banner
2331,1172,127,4,53.67,53.67,0,0.00%,0,214.68,31/5/2025,E-commerce,Website Banner
2185,321,393,4,52.88,52.88,0,0.00%,0,211.52,31/5/2025,App Mobile,App Mobile
2389,1172,329,4,43.09,43.09,0,0.00%,0,172.36,31/5/2025,E-commerce,Website Banner
2871,209,102,4,43.06,43.06,0,0.00%,0,172.24,31/5/2025,App Mobile,App Mobile
3175,581,105,4,36.9,36.9,0,0.00%,0,147.6,31/5/2025,E-commerce,Website Banner
2586,839,199,4,36.48,36.48,0,0.00%,0,145.92,31/5/2025,App Mobile,App Mobile
3346,1034,338,4,33.39,33.39,0,0.00%,0,133.56,31/5/2025,App Mobile,App Mobile
18,319,339,4,30.35,30.35,0,0.00%,0,121.4,31/5/2025,App Mobile,App Mobile
1625,312,397,4,26.48,26.48,0,0.00%,0,105.92,31/5/2025,E-commerce,Website Banner
506,601,320,5,74.26,74.26,0,0.00%,0,371.3,31/5/2025,E-commerce,Website Banner
692,1244,19,5,65.26,65.26,0,0.00%,0,326.3,31/5/2025,E-commerce,Website Banner
2635,535,493,5,57.37,57.37,0,0.00%,0,286.85,31/5/2025,App Mobile,App Mobile
1959,319,485,5,56.2,56.2,0,0.00%,0,281,31/5/2025,App Mobile,App Mobile
3313,240,189,5,48.12,48.12,0,0.00%,0,240.6,31/5/2025,App Mobile,App Mobile
1012,321,259,5,35.73,35.73,0,0.00%,0,178.65,31/5/2025,App Mobile,App Mobile
852,551,405,5,34.71,34.71,0,0.00%,0,173.55,31/5/2025,E-commerce,Website Banner
1399,761,59,5,34.58,34.58,0,0.00%,0,172.9,31/5/2025,E-commerce,Website Banner
1948,580,401,5,30.83,30.83,0,0.00%,0,154.15,31/5/2025,App Mobile,App Mobile
754,785,81,5,29.63,29.63,0,0.00%,0,148.15,31/5/2025,App Mobile,App Mobile
131,1281,399,1,61.6,61.6,0,0.00%,0,61.6,4/6/2025,App Mobile,App Mobile
2517,872,406,1,53.74,48.37,5.37,10.00%,1,48.37,4/6/2025,E-commerce,Website Banner
1570,1143,217,1,52.12,46.91,5.21,10.00%,1,46.91,4/6/2025,E-commerce,Email
2001,215,204,1,39.2,35.28,3.92,10.00%,1,35.28,4/6/2025,E-commerce,Email
3321,559,477,1,38.9,35.01,3.89,10.00%,1,35.01,4/6/2025,E-commerce,Email
3238,912,14,1,24.96,22.46,2.5,10.00%,1,22.46,4/6/2025,E-commerce,Email
2146,1314,448,2,75.62,75.62,0,0.00%,0,151.24,4/6/2025,App Mobile,App Mobile
1317,358,78,2,59.21,59.21,0,0.00%,0,118.42,4/6/2025,App Mobile,App Mobile
2154,416,227,2,57.51,57.51,0,0.00%,0,115.02,4/6/2025,App Mobile,App Mobile
2449,1143,433,2,60.12,54.11,6.01,10.00%,1,108.22,4/6/2025,E-commerce,Email
2638,251,472,2,59.9,53.91,5.99,10.00%,1,107.82,4/6/2025,E-commerce,Email
3263,512,406,2,53.74,53.74,0,0.00%,0,107.48,4/6/2025,App Mobile,App Mobile
709,1031,28,2,51.18,51.18,0,0.00%,0,102.36,4/6/2025,App Mobile,App Mobile
1688,912,278,2,50.41,45.37,5.04,10.00%,1,90.74,4/6/2025,E-commerce,Email
2205,416,184,2,44.08,44.08,0,0.00%,0,88.16,4/6/2025,App Mobile,App Mobile
81,155,482,2,47.59,42.83,4.76,10.00%,1,85.66,4/6/2025,E-commerce,Email
160,1314,172,2,41.7,41.7,0,0.00%,0,83.4,4/6/2025,App Mobile,App Mobile
70,1281,178,2,39.34,39.34,0,0.00%,0,78.68,4/6/2025,App Mobile,App Mobile
2198,864,325,2,39.78,35.8,3.98,10.00%,1,71.6,4/6/2025,E-commerce,Website Banner
1252,872,451,2,37.8,34.02,3.78,10.00%,1,68.04,4/6/2025,E-commerce,Website Banner
2806,1031,391,3,59.77,59.77,0,0.00%,0,179.31,4/6/2025,App Mobile,App Mobile
3018,559,237,3,64.08,57.67,6.41,10.00%,1,173.02,4/6/2025,E-commerce,Website Banner
519,416,279,3,51.58,51.58,0,0.00%,0,154.74,4/6/2025,App Mobile,App Mobile
331,215,242,3,51.25,46.12,5.12,10.00%,1,138.38,4/6/2025,E-commerce,Website Banner
2428,512,85,3,37.35,37.35,0,0.00%,0,112.05,4/6/2025,App Mobile,App Mobile
1996,251,30,3,31.09,27.98,3.11,10.00%,1,83.94,4/6/2025,E-commerce,Website Banner
1652,155,241,3,29.82,26.84,2.98,10.00%,1,80.51,4/6/2025,E-commerce,Website Banner
2708,358,296,4,67.07,67.07,0,0.00%,0,268.28,4/6/2025,App Mobile,App Mobile
1797,215,38,4,62.8,56.52,6.28,10.00%,1,226.08,4/6/2025,E-commerce,Website Banner
2985,1050,286,4,58.91,53.02,5.89,10.00%,1,212.08,4/6/2025,E-commerce,Website Banner
1492,559,367,4,51.38,46.24,5.14,10.00%,1,184.97,4/6/2025,E-commerce,Website Banner
332,155,68,4,47.27,42.54,4.73,10.00%,1,170.17,4/6/2025,E-commerce,Website Banner
1352,251,454,4,35.16,31.64,3.52,10.00%,1,126.58,4/6/2025,E-commerce,Website Banner
10,358,374,5,43.43,43.43,0,0.00%,0,217.15,4/6/2025,App Mobile,App Mobile
337,864,136,5,46.8,42.12,4.68,10.00%,1,210.6,4/6/2025,E-commerce,Website Banner
1114,512,376,5,38.52,38.52,0,0.00%,0,192.6,4/6/2025,App Mobile,App Mobile
1535,1050,199,5,36.48,32.83,3.65,10.00%,1,164.16,4/6/2025,E-commerce,Website Banner
1538,418,437,1,62.17,62.17,0,0.00%,0,62.17,5/6/2025,App Mobile,App Mobile
410,125,185,1,47.73,47.73,0,0.00%,0,47.73,5/6/2025,App Mobile,App Mobile
924,817,311,1,43.38,39.04,4.34,10.00%,1,39.04,5/6/2025,E-commerce,Email
2415,817,30,1,31.09,27.98,3.11,10.00%,1,27.98,5/6/2025,E-commerce,Email
1784,1198,241,1,29.82,26.84,2.98,10.00%,1,26.84,5/6/2025,E-commerce,Email
989,445,176,1,27.94,25.15,2.79,10.00%,1,25.15,5/6/2025,E-commerce,Email
2859,181,116,2,74.81,74.81,0,0.00%,0,149.62,5/6/2025,App Mobile,App Mobile
1486,445,107,2,55.06,49.55,5.51,10.00%,1,99.11,5/6/2025,E-commerce,Email
2092,303,202,2,41.88,41.88,0,0.00%,0,83.76,5/6/2025,App Mobile,App Mobile
2115,445,325,2,39.78,35.8,3.98,10.00%,1,71.6,5/6/2025,E-commerce,Website Banner
2795,418,414,2,35.2,35.2,0,0.00%,0,70.4,5/6/2025,App Mobile,App Mobile
2104,1019,484,2,38.49,34.64,3.85,10.00%,1,69.28,5/6/2025,E-commerce,Website Banner
2575,125,366,3,58.34,58.34,0,0.00%,0,175.02,5/6/2025,App Mobile,App Mobile
114,1198,147,3,52.91,47.62,5.29,10.00%,1,142.86,5/6/2025,E-commerce,Website Banner
997,1099,316,3,45.73,41.16,4.57,10.00%,1,123.47,5/6/2025,E-commerce,Website Banner
870,1099,475,3,39.69,35.72,3.97,10.00%,1,107.16,5/6/2025,E-commerce,Website Banner
1171,211,427,3,36.01,32.41,3.6,10.00%,1,97.23,5/6/2025,E-commerce,Website Banner
2228,418,174,3,26.41,26.41,0,0.00%,0,79.23,5/6/2025,App Mobile,App Mobile
2676,713,2,4,78.45,78.45,0,0.00%,0,313.8,5/6/2025,App Mobile,App Mobile
206,1019,403,4,81.8,73.62,8.18,10.00%,1,294.48,5/6/2025,E-commerce,Website Banner
3359,181,478,4,66.52,66.52,0,0.00%,0,266.08,5/6/2025,App Mobile,App Mobile
1061,303,276,4,64.44,64.44,0,0.00%,0,257.76,5/6/2025,App Mobile,App Mobile
3343,713,110,4,58.7,58.7,0,0.00%,0,234.8,5/6/2025,App Mobile,App Mobile
444,125,309,4,42.14,42.14,0,0.00%,0,168.56,5/6/2025,App Mobile,App Mobile
2461,303,110,5,58.7,58.7,0,0.00%,0,293.5,5/6/2025,App Mobile,App Mobile
552,211,389,5,54.76,49.28,5.48,10.00%,1,246.42,5/6/2025,E-commerce,Website Banner
1606,181,301,5,48.72,48.72,0,0.00%,0,243.6,5/6/2025,App Mobile,App Mobile
2476,211,362,5,32.64,29.38,3.26,10.00%,1,146.88,5/6/2025,E-commerce,Website Banner
471,976,307,1,66.87,60.18,6.69,10.00%,1,60.18,6/6/2025,E-commerce,Website Banner
1857,1286,214,1,59.07,53.16,5.91,10.00%,1,53.16,6/6/2025,E-commerce,Website Banner
3233,744,252,1,51.17,51.17,0,0.00%,0,51.17,6/6/2025,App Mobile,App Mobile
1718,483,275,1,52.11,46.9,5.21,10.00%,1,46.9,6/6/2025,E-commerce,Email
2786,241,20,1,45.42,45.42,0,0.00%,0,45.42,6/6/2025,App Mobile,App Mobile
2593,561,370,1,50.34,45.31,5.03,10.00%,1,45.31,6/6/2025,E-commerce,Email
1075,442,431,1,30.41,27.37,3.04,10.00%,1,27.37,6/6/2025,E-commerce,Email
3069,843,70,2,66.33,66.33,0,0.00%,0,132.66,6/6/2025,App Mobile,App Mobile
3067,848,56,2,62.92,62.92,0,0.00%,0,125.84,6/6/2025,App Mobile,App Mobile
2251,120,166,2,65.26,58.73,6.53,10.00%,1,117.47,6/6/2025,E-commerce,Email
1717,843,487,2,49.84,49.84,0,0.00%,0,99.68,6/6/2025,App Mobile,App Mobile
2659,1214,275,2,52.11,46.9,5.21,10.00%,1,93.8,6/6/2025,E-commerce,Email
1988,849,404,2,45.19,40.67,4.52,10.00%,1,81.34,6/6/2025,E-commerce,Email
1999,862,457,2,31.61,31.61,0,0.00%,0,63.22,6/6/2025,App Mobile,App Mobile
445,848,350,2,27.62,27.62,0,0.00%,0,55.24,6/6/2025,App Mobile,App Mobile
1712,112,272,3,74.17,66.75,7.42,10.00%,1,200.26,6/6/2025,E-commerce,Website Banner
564,976,196,3,59.41,53.47,5.94,10.00%,1,160.41,6/6/2025,E-commerce,Website Banner
34,112,100,3,56.44,50.8,5.64,10.00%,1,152.39,6/6/2025,E-commerce,Website Banner
1545,483,386,3,51.38,46.24,5.14,10.00%,1,138.73,6/6/2025,E-commerce,Website Banner
150,1208,211,3,43.5,39.15,4.35,10.00%,1,117.45,6/6/2025,E-commerce,Website Banner
1504,112,348,3,34.47,31.02,3.45,10.00%,1,93.07,6/6/2025,E-commerce,Website Banner
1807,849,84,3,31.84,28.66,3.18,10.00%,1,85.97,6/6/2025,E-commerce,Website Banner
125,313,239,4,66.99,66.99,0,0.00%,0,267.96,6/6/2025,App Mobile,App Mobile
1874,1110,297,4,65.17,58.65,6.52,10.00%,1,234.61,6/6/2025,E-commerce,Website Banner
1820,1003,496,4,54.61,54.61,0,0.00%,0,218.44,6/6/2025,App Mobile,App Mobile
243,1003,133,4,53.05,53.05,0,0.00%,0,212.2,6/6/2025,App Mobile,App Mobile
3139,313,220,4,52.6,52.6,0,0.00%,0,210.4,6/6/2025,App Mobile,App Mobile
3123,120,262,4,52.94,47.65,5.29,10.00%,1,190.58,6/6/2025,E-commerce,Website Banner
3256,241,211,4,43.5,43.5,0,0.00%,0,174,6/6/2025,App Mobile,App Mobile
1465,483,455,4,48.03,43.23,4.8,10.00%,1,172.91,6/6/2025,E-commerce,Website Banner
2340,862,375,4,42.67,42.67,0,0.00%,0,170.68,6/6/2025,App Mobile,App Mobile
760,1110,311,4,43.38,39.04,4.34,10.00%,1,156.17,6/6/2025,E-commerce,Website Banner
3206,744,41,4,37.94,37.94,0,0.00%,0,151.76,6/6/2025,App Mobile,App Mobile
909,442,423,4,41.64,37.48,4.16,10.00%,1,149.9,6/6/2025,E-commerce,Website Banner
2877,561,106,4,40.75,36.67,4.08,10.00%,1,146.7,6/6/2025,E-commerce,Website Banner
464,1208,116,5,74.81,67.33,7.48,10.00%,1,336.65,6/6/2025,E-commerce,Website Banner
2165,313,132,5,46.9,46.9,0,0.00%,0,234.5,6/6/2025,App Mobile,App Mobile
187,561,487,5,49.84,44.86,4.98,10.00%,1,224.28,6/6/2025,E-commerce,Website Banner
1986,1214,351,5,46.11,41.5,4.61,10.00%,1,207.5,6/6/2025,E-commerce,Website Banner
1321,241,256,5,38.41,38.41,0,0.00%,0,192.05,6/6/2025,App Mobile,App Mobile
1738,442,497,5,36.05,32.44,3.6,10.00%,1,162.22,6/6/2025,E-commerce,Website Banner
2826,1286,259,5,35.73,32.16,3.57,10.00%,1,160.78,6/6/2025,E-commerce,Website Banner
2070,120,23,5,27.5,24.75,2.75,10.00%,1,123.75,6/6/2025,E-commerce,Website Banner
1050,180,197,1,66.68,66.68,0,0.00%,0,66.68,13/6/2025,App Mobile,App Mobile
3316,1036,222,1,57.19,57.19,0,0.00%,0,57.19,13/6/2025,E-commerce,Website Banner
3076,762,170,1,51.27,51.27,0,0.00%,0,51.27,13/6/2025,E-commerce,Website Banner
1375,103,34,1,48.34,48.34,0,0.00%,0,48.34,13/6/2025,E-commerce,Website Banner
1672,489,121,1,47.91,47.91,0,0.00%,0,47.91,13/6/2025,E-commerce,Website Banner
128,278,482,1,47.59,47.59,0,0.00%,0,47.59,13/6/2025,App Mobile,App Mobile
2148,554,20,1,45.42,45.42,0,0.00%,0,45.42,13/6/2025,E-commerce,Website Banner
920,485,338,1,33.39,33.39,0,0.00%,0,33.39,13/6/2025,E-commerce,Website Banner
136,278,169,1,32.94,32.94,0,0.00%,0,32.94,13/6/2025,App Mobile,App Mobile
3219,1249,457,1,31.61,31.61,0,0.00%,0,31.61,13/6/2025,E-commerce,Website Banner
2224,485,383,2,66.38,66.38,0,0.00%,0,132.76,13/6/2025,E-commerce,Website Banner
1439,1039,380,2,59.84,59.84,0,0.00%,0,119.68,13/6/2025,App Mobile,App Mobile
1162,1249,221,2,53.7,53.7,0,0.00%,0,107.4,13/6/2025,E-commerce,Website Banner
1929,489,219,2,49.76,49.76,0,0.00%,0,99.52,13/6/2025,E-commerce,Website Banner
615,463,86,2,41.26,41.26,0,0.00%,0,82.52,13/6/2025,App Mobile,App Mobile
345,554,41,2,37.94,37.94,0,0.00%,0,75.88,13/6/2025,E-commerce,Website Banner
2799,180,451,2,37.8,37.8,0,0.00%,0,75.6,13/6/2025,App Mobile,App Mobile
695,485,241,2,29.82,29.82,0,0.00%,0,59.64,13/6/2025,E-commerce,Website Banner
1144,180,3,2,23.9,23.9,0,0.00%,0,47.8,13/6/2025,App Mobile,App Mobile
845,576,284,3,81.79,81.79,0,0.00%,0,245.37,13/6/2025,E-commerce,Website Banner
1876,103,440,3,52.08,52.08,0,0.00%,0,156.24,13/6/2025,E-commerce,Website Banner
224,463,252,3,51.17,51.17,0,0.00%,0,153.51,13/6/2025,App Mobile,App Mobile
955,1168,434,3,43.14,43.14,0,0.00%,0,129.42,13/6/2025,E-commerce,Website Banner
666,701,177,3,42.66,42.66,0,0.00%,0,127.98,13/6/2025,App Mobile,App Mobile
1198,576,283,3,39.62,39.62,0,0.00%,0,118.86,13/6/2025,E-commerce,Website Banner
1073,756,60,4,81.7,81.7,0,0.00%,0,326.8,13/6/2025,E-commerce,Website Banner
1258,489,7,4,57.66,57.66,0,0.00%,0,230.64,13/6/2025,E-commerce,Website Banner
2982,701,133,4,53.05,53.05,0,0.00%,0,212.2,13/6/2025,App Mobile,App Mobile
1002,554,278,4,50.41,50.41,0,0.00%,0,201.64,13/6/2025,E-commerce,Website Banner
2666,463,316,4,45.73,45.73,0,0.00%,0,182.92,13/6/2025,App Mobile,App Mobile
31,576,374,4,43.43,43.43,0,0.00%,0,173.72,13/6/2025,E-commerce,Website Banner
2652,756,438,4,38.74,38.74,0,0.00%,0,154.96,13/6/2025,E-commerce,Website Banner
2011,1036,381,4,35.59,35.59,0,0.00%,0,142.36,13/6/2025,E-commerce,Website Banner
2227,968,317,5,62.63,62.63,0,0.00%,0,313.15,13/6/2025,E-commerce,Website Banner
2814,1039,222,5,57.19,57.19,0,0.00%,0,285.95,13/6/2025,App Mobile,App Mobile
253,103,268,5,49.59,49.59,0,0.00%,0,247.95,13/6/2025,E-commerce,Website Banner
937,278,102,5,43.06,43.06,0,0.00%,0,215.3,13/6/2025,App Mobile,App Mobile
789,968,342,5,34.35,34.35,0,0.00%,0,171.75,13/6/2025,E-commerce,Website Banner
1336,762,388,5,34.23,34.23,0,0.00%,0,171.15,13/6/2025,E-commerce,Website Banner
2085,1168,338,5,33.39,33.39,0,0.00%,0,166.95,13/6/2025,E-commerce,Website Banner
2211,660,116,1,74.81,74.81,0,0.00%,0,74.81,14/6/2025,App Mobile,App Mobile
185,1136,435,1,64.5,64.5,0,0.00%,0,64.5,14/6/2025,App Mobile,App Mobile
2305,827,262,1,52.94,52.94,0,0.00%,0,52.94,14/6/2025,E-commerce,Website Banner
3334,429,255,1,51,51,0,0.00%,0,51,14/6/2025,App Mobile,App Mobile
1812,344,253,1,50.55,50.55,0,0.00%,0,50.55,14/6/2025,App Mobile,App Mobile
1297,1269,487,1,49.84,49.84,0,0.00%,0,49.84,14/6/2025,App Mobile,App Mobile
1247,1136,410,1,47.47,47.47,0,0.00%,0,47.47,14/6/2025,App Mobile,App Mobile
872,944,201,1,45.62,45.62,0,0.00%,0,45.62,14/6/2025,E-commerce,Website Banner
2722,46,12,1,44.77,44.77,0,0.00%,0,44.77,14/6/2025,App Mobile,App Mobile
1517,677,456,1,39.09,39.09,0,0.00%,0,39.09,14/6/2025,E-commerce,Website Banner
2906,138,215,1,37.11,37.11,0,0.00%,0,37.11,14/6/2025,E-commerce,Website Banner
2130,46,120,1,25.7,25.7,0,0.00%,0,25.7,14/6/2025,App Mobile,App Mobile
1849,6,365,2,67.76,67.76,0,0.00%,0,135.52,14/6/2025,E-commerce,Website Banner
737,344,115,2,62.27,62.27,0,0.00%,0,124.54,14/6/2025,App Mobile,App Mobile
825,513,347,2,59.92,59.92,0,0.00%,0,119.84,14/6/2025,E-commerce,Website Banner
1967,1269,481,2,54.87,54.87,0,0.00%,0,109.74,14/6/2025,App Mobile,App Mobile
1177,6,32,2,54.83,54.83,0,0.00%,0,109.66,14/6/2025,E-commerce,Website Banner
2923,932,189,2,48.12,48.12,0,0.00%,0,96.24,14/6/2025,App Mobile,App Mobile
614,414,447,2,47.66,47.66,0,0.00%,0,95.32,14/6/2025,App Mobile,App Mobile
2933,133,155,2,46.07,46.07,0,0.00%,0,92.14,14/6/2025,App Mobile,App Mobile
2103,1199,231,2,44.06,44.06,0,0.00%,0,88.12,14/6/2025,E-commerce,Website Banner
342,138,277,2,43.92,43.92,0,0.00%,0,87.84,14/6/2025,E-commerce,Website Banner
2284,465,363,2,43.64,43.64,0,0.00%,0,87.28,14/6/2025,E-commerce,Website Banner
1673,102,204,2,39.2,39.2,0,0.00%,0,78.4,14/6/2025,App Mobile,App Mobile
1183,677,105,2,36.9,36.9,0,0.00%,0,73.8,14/6/2025,E-commerce,Website Banner
1595,46,258,2,31.48,31.48,0,0.00%,0,62.96,14/6/2025,App Mobile,App Mobile
2403,755,339,2,30.35,30.35,0,0.00%,0,60.7,14/6/2025,App Mobile,App Mobile
1217,414,60,3,81.7,81.7,0,0.00%,0,245.1,14/6/2025,App Mobile,App Mobile
3264,944,296,3,67.07,67.07,0,0.00%,0,201.21,14/6/2025,E-commerce,Website Banner
2002,136,461,3,54.91,54.91,0,0.00%,0,164.73,14/6/2025,E-commerce,Website Banner
240,21,374,3,43.43,43.43,0,0.00%,0,130.29,14/6/2025,E-commerce,Website Banner
1825,664,18,3,40.99,40.99,0,0.00%,0,122.97,14/6/2025,App Mobile,App Mobile
190,830,180,3,38.81,38.81,0,0.00%,0,116.43,14/6/2025,App Mobile,App Mobile
2792,344,180,3,38.81,38.81,0,0.00%,0,116.43,14/6/2025,App Mobile,App Mobile
1082,830,248,3,36.79,36.79,0,0.00%,0,110.37,14/6/2025,App Mobile,App Mobile
861,136,13,3,34.25,34.25,0,0.00%,0,102.75,14/6/2025,E-commerce,Website Banner
2686,102,418,3,31.84,31.84,0,0.00%,0,95.52,14/6/2025,App Mobile,App Mobile
2485,136,39,3,29.97,29.97,0,0.00%,0,89.91,14/6/2025,E-commerce,Website Banner
1810,755,390,4,59.33,59.33,0,0.00%,0,237.32,14/6/2025,App Mobile,App Mobile
3082,133,473,4,57.98,57.98,0,0.00%,0,231.92,14/6/2025,App Mobile,App Mobile
1918,465,7,4,57.66,57.66,0,0.00%,0,230.64,14/6/2025,E-commerce,Website Banner
906,664,227,4,57.51,57.51,0,0.00%,0,230.04,14/6/2025,App Mobile,App Mobile
2639,827,173,4,49.74,49.74,0,0.00%,0,198.96,14/6/2025,E-commerce,Website Banner
1007,513,333,4,46.04,46.04,0,0.00%,0,184.16,14/6/2025,E-commerce,Website Banner
1040,1321,89,4,45.12,45.12,0,0.00%,0,180.48,14/6/2025,E-commerce,Website Banner
2784,133,90,4,31.67,31.67,0,0.00%,0,126.68,14/6/2025,App Mobile,App Mobile
3171,21,164,4,22.96,22.96,0,0.00%,0,91.84,14/6/2025,E-commerce,Website Banner
3215,660,334,4,20.82,20.82,0,0.00%,0,83.28,14/6/2025,App Mobile,App Mobile
2351,21,79,5,63.22,63.22,0,0.00%,0,316.1,14/6/2025,E-commerce,Website Banner
2202,138,314,5,56.29,56.29,0,0.00%,0,281.45,14/6/2025,E-commerce,Website Banner
3201,1321,264,5,55.01,55.01,0,0.00%,0,275.05,14/6/2025,E-commerce,Website Banner
3331,1199,421,5,50.89,50.89,0,0.00%,0,254.45,14/6/2025,E-commerce,Website Banner
994,465,290,5,50.86,50.86,0,0.00%,0,254.3,14/6/2025,E-commerce,Website Banner
3304,429,290,5,50.86,50.86,0,0.00%,0,254.3,14/6/2025,App Mobile,App Mobile
1388,429,436,5,49.81,49.81,0,0.00%,0,249.05,14/6/2025,App Mobile,App Mobile
3151,932,489,5,44.21,44.21,0,0.00%,0,221.05,14/6/2025,App Mobile,App Mobile
2870,660,309,5,42.14,42.14,0,0.00%,0,210.7,14/6/2025,App Mobile,App Mobile
1484,6,13,5,34.25,34.25,0,0.00%,0,171.25,14/6/2025,E-commerce,Website Banner
2127,414,339,5,30.35,30.35,0,0.00%,0,151.75,14/6/2025,App Mobile,App Mobile
1303,513,65,5,27.45,27.45,0,0.00%,0,137.25,14/6/2025,E-commerce,Website Banner
2028,102,443,5,23.13,23.13,0,0.00%,0,115.65,14/6/2025,App Mobile,App Mobile
1829,1079,98,1,78.52,78.52,0,0.00%,0,78.52,15/6/2025,App Mobile,App Mobile
2257,1117,372,1,63.79,63.79,0,0.00%,0,63.79,15/6/2025,E-commerce,Website Banner
174,394,79,1,63.22,63.22,0,0.00%,0,63.22,15/6/2025,E-commerce,Website Banner
3347,882,100,1,56.44,56.44,0,0.00%,0,56.44,15/6/2025,App Mobile,App Mobile
1086,613,460,1,48.64,48.64,0,0.00%,0,48.64,15/6/2025,E-commerce,Website Banner
371,141,254,1,47.44,47.44,0,0.00%,0,47.44,15/6/2025,E-commerce,Website Banner
387,349,18,1,40.99,40.99,0,0.00%,0,40.99,15/6/2025,App Mobile,App Mobile
2733,882,90,1,31.67,31.67,0,0.00%,0,31.67,15/6/2025,App Mobile,App Mobile
1946,927,420,2,72.58,72.58,0,0.00%,0,145.16,15/6/2025,App Mobile,App Mobile
1402,1097,371,2,63.82,63.82,0,0.00%,0,127.64,15/6/2025,App Mobile,App Mobile
1035,1117,385,2,63.23,63.23,0,0.00%,0,126.46,15/6/2025,E-commerce,Website Banner
273,1079,447,2,47.66,47.66,0,0.00%,0,95.32,15/6/2025,App Mobile,App Mobile
1731,725,159,2,33.59,33.59,0,0.00%,0,67.18,15/6/2025,App Mobile,App Mobile
2592,927,224,3,75.4,75.4,0,0.00%,0,226.2,15/6/2025,App Mobile,App Mobile
2530,426,420,3,72.58,72.58,0,0.00%,0,217.74,15/6/2025,E-commerce,Website Banner
3053,715,36,3,72.06,72.06,0,0.00%,0,216.18,15/6/2025,E-commerce,Website Banner
2540,1306,191,3,60.52,60.52,0,0.00%,0,181.56,15/6/2025,E-commerce,Website Banner
1109,394,78,3,59.21,59.21,0,0.00%,0,177.63,15/6/2025,E-commerce,Website Banner
512,86,22,3,58.26,58.26,0,0.00%,0,174.78,15/6/2025,App Mobile,App Mobile
2889,1306,255,3,51,51,0,0.00%,0,153,15/6/2025,E-commerce,Website Banner
1449,86,68,3,47.27,47.27,0,0.00%,0,141.81,15/6/2025,App Mobile,App Mobile
284,426,411,3,43.94,43.94,0,0.00%,0,131.82,15/6/2025,E-commerce,Website Banner
1865,1097,139,3,33.59,33.59,0,0.00%,0,100.77,15/6/2025,App Mobile,App Mobile
2510,349,307,4,66.87,66.87,0,0.00%,0,267.48,15/6/2025,App Mobile,App Mobile
74,613,444,4,61.78,61.78,0,0.00%,0,247.12,15/6/2025,E-commerce,Website Banner
1474,349,154,4,53.74,53.74,0,0.00%,0,214.96,15/6/2025,App Mobile,App Mobile
580,86,98,5,78.52,78.52,0,0.00%,0,392.6,15/6/2025,App Mobile,App Mobile
2314,725,307,5,66.87,66.87,0,0.00%,0,334.35,15/6/2025,App Mobile,App Mobile
130,141,123,5,61.51,61.51,0,0.00%,0,307.55,15/6/2025,E-commerce,Website Banner
2527,715,390,5,59.33,59.33,0,0.00%,0,296.65,15/6/2025,E-commerce,Website Banner
1453,613,331,5,53.34,53.34,0,0.00%,0,266.7,15/6/2025,E-commerce,Website Banner
427,141,354,5,52.42,52.42,0,0.00%,0,262.1,15/6/2025,E-commerce,Website Banner
1648,426,242,5,51.25,51.25,0,0.00%,0,256.25,15/6/2025,E-commerce,Website Banner
1578,394,369,5,43.04,43.04,0,0.00%,0,215.2,15/6/2025,E-commerce,Website Banner
2270,658,403,1,81.8,81.8,0,0.00%,0,81.8,16/6/2025,App Mobile,App Mobile
1707,420,320,1,74.26,74.26,0,0.00%,0,74.26,16/6/2025,App Mobile,App Mobile
2140,947,101,1,58.11,58.11,0,0.00%,0,58.11,16/6/2025,E-commerce,Website Banner
2946,273,103,1,57,57,0,0.00%,0,57,16/6/2025,App Mobile,App Mobile
1905,250,299,1,52.65,52.65,0,0.00%,0,52.65,16/6/2025,App Mobile,App Mobile
1582,593,193,1,50.52,50.52,0,0.00%,0,50.52,16/6/2025,App Mobile,App Mobile
3079,1328,410,1,47.47,47.47,0,0.00%,0,47.47,16/6/2025,E-commerce,Website Banner
3019,143,373,1,44.12,44.12,0,0.00%,0,44.12,16/6/2025,E-commerce,Website Banner
2802,947,283,1,39.62,39.62,0,0.00%,0,39.62,16/6/2025,E-commerce,Website Banner
3205,999,467,1,39.22,39.22,0,0.00%,0,39.22,16/6/2025,E-commerce,Website Banner
1280,766,180,1,38.81,38.81,0,0.00%,0,38.81,16/6/2025,App Mobile,App Mobile
2390,874,313,1,35.69,35.69,0,0.00%,0,35.69,16/6/2025,E-commerce,Website Banner
2062,420,120,1,25.7,25.7,0,0.00%,0,25.7,16/6/2025,App Mobile,App Mobile
338,1078,125,2,61.27,61.27,0,0.00%,0,122.54,16/6/2025,E-commerce,Website Banner
2105,1122,227,2,57.51,57.51,0,0.00%,0,115.02,16/6/2025,E-commerce,Website Banner
2684,937,468,2,51.8,51.8,0,0.00%,0,103.6,16/6/2025,App Mobile,App Mobile
474,1328,409,2,47.84,47.84,0,0.00%,0,95.68,16/6/2025,E-commerce,Website Banner
3084,658,201,2,45.62,45.62,0,0.00%,0,91.24,16/6/2025,App Mobile,App Mobile
1616,751,312,2,43.84,43.84,0,0.00%,0,87.68,16/6/2025,E-commerce,Website Banner
397,279,256,2,38.41,38.41,0,0.00%,0,76.82,16/6/2025,E-commerce,Website Banner
1368,1182,441,2,36.99,36.99,0,0.00%,0,73.98,16/6/2025,E-commerce,Website Banner
275,999,414,2,35.2,35.2,0,0.00%,0,70.4,16/6/2025,E-commerce,Website Banner
1599,810,209,2,32.41,32.41,0,0.00%,0,64.82,16/6/2025,App Mobile,App Mobile
2429,279,84,2,31.84,31.84,0,0.00%,0,63.68,16/6/2025,E-commerce,Website Banner
336,229,6,3,70.86,70.86,0,0.00%,0,212.58,16/6/2025,E-commerce,Website Banner
2971,658,296,3,67.07,67.07,0,0.00%,0,201.21,16/6/2025,App Mobile,App Mobile
1120,818,107,3,55.06,55.06,0,0.00%,0,165.18,16/6/2025,E-commerce,Website Banner
1062,593,254,3,47.44,47.44,0,0.00%,0,142.32,16/6/2025,App Mobile,App Mobile
2458,1095,85,3,37.35,37.35,0,0.00%,0,112.05,16/6/2025,E-commerce,Website Banner
267,593,251,3,36.88,36.88,0,0.00%,0,110.64,16/6/2025,App Mobile,App Mobile
3036,229,114,3,21.53,21.53,0,0.00%,0,64.59,16/6/2025,E-commerce,Website Banner
3250,250,296,4,67.07,67.07,0,0.00%,0,268.28,16/6/2025,App Mobile,App Mobile
1029,229,162,4,66.5,66.5,0,0.00%,0,266,16/6/2025,E-commerce,Website Banner
2416,250,33,4,65.23,65.23,0,0.00%,0,260.92,16/6/2025,App Mobile,App Mobile
2961,751,371,4,63.82,63.82,0,0.00%,0,255.28,16/6/2025,E-commerce,Website Banner
1989,810,372,4,63.79,63.79,0,0.00%,0,255.16,16/6/2025,App Mobile,App Mobile
866,874,422,4,55.91,55.91,0,0.00%,0,223.64,16/6/2025,E-commerce,Website Banner
2199,1078,432,4,52.39,52.39,0,0.00%,0,209.56,16/6/2025,E-commerce,Website Banner
509,273,34,4,48.34,48.34,0,0.00%,0,193.36,16/6/2025,App Mobile,App Mobile
1666,279,410,4,47.47,47.47,0,0.00%,0,189.88,16/6/2025,E-commerce,Website Banner
3147,937,479,4,47.42,47.42,0,0.00%,0,189.68,16/6/2025,App Mobile,App Mobile
2931,1095,85,4,37.35,37.35,0,0.00%,0,149.4,16/6/2025,E-commerce,Website Banner
1339,143,88,4,29.81,29.81,0,0.00%,0,119.24,16/6/2025,E-commerce,Website Banner
1906,1182,246,4,28.98,28.98,0,0.00%,0,115.92,16/6/2025,E-commerce,Website Banner
1232,818,355,4,21.38,21.38,0,0.00%,0,85.52,16/6/2025,E-commerce,Website Banner
2322,420,71,5,80.76,80.76,0,0.00%,0,403.8,16/6/2025,App Mobile,App Mobile
1529,766,310,5,72.1,72.1,0,0.00%,0,360.5,16/6/2025,App Mobile,App Mobile
698,1122,464,5,59.58,59.58,0,0.00%,0,297.9,16/6/2025,E-commerce,Website Banner
769,273,409,5,47.84,47.84,0,0.00%,0,239.2,16/6/2025,App Mobile,App Mobile
1848,143,82,5,32.21,32.21,0,0.00%,0,161.05,16/6/2025,E-commerce,Website Banner
1036,1030,65,5,27.45,27.45,0,0.00%,0,137.25,16/6/2025,App Mobile,App Mobile
48,1030,122,5,24.8,24.8,0,0.00%,0,124,16/6/2025,App Mobile,App Mobile
1170,336,284,1,81.79,81.79,0,0.00%,0,81.79,17/6/2025,E-commerce,Website Banner
676,190,160,1,59.38,59.38,0,0.00%,0,59.38,17/6/2025,App Mobile,App Mobile
974,294,227,1,57.51,57.51,0,0.00%,0,57.51,17/6/2025,E-commerce,Website Banner
1219,190,34,1,48.34,48.34,0,0.00%,0,48.34,17/6/2025,App Mobile,App Mobile
967,427,289,1,41.51,41.51,0,0.00%,0,41.51,17/6/2025,App Mobile,App Mobile
1093,834,293,1,40.77,40.77,0,0.00%,0,40.77,17/6/2025,App Mobile,App Mobile
1507,589,91,1,33.95,33.95,0,0.00%,0,33.95,17/6/2025,App Mobile,App Mobile
799,931,80,1,31.86,31.86,0,0.00%,0,31.86,17/6/2025,E-commerce,Website Banner
888,1100,327,2,74.24,74.24,0,0.00%,0,148.48,17/6/2025,E-commerce,Website Banner
2849,710,206,2,63.03,63.03,0,0.00%,0,126.06,17/6/2025,E-commerce,Website Banner
2448,294,321,2,58.09,58.09,0,0.00%,0,116.18,17/6/2025,E-commerce,Website Banner
2462,1100,222,2,57.19,57.19,0,0.00%,0,114.38,17/6/2025,E-commerce,Website Banner
682,787,57,2,52.28,52.28,0,0.00%,0,104.56,17/6/2025,E-commerce,Website Banner
1670,514,316,2,45.73,45.73,0,0.00%,0,91.46,17/6/2025,App Mobile,App Mobile
14,336,119,2,27.34,27.34,0,0.00%,0,54.68,17/6/2025,E-commerce,Website Banner
2875,427,337,3,71.72,71.72,0,0.00%,0,215.16,17/6/2025,App Mobile,App Mobile
2699,343,382,3,62.52,62.52,0,0.00%,0,187.56,17/6/2025,App Mobile,App Mobile
752,190,15,3,61.26,61.26,0,0.00%,0,183.78,17/6/2025,App Mobile,App Mobile
1069,294,477,3,38.9,38.9,0,0.00%,0,116.7,17/6/2025,E-commerce,Website Banner
965,961,209,3,32.41,32.41,0,0.00%,0,97.23,17/6/2025,E-commerce,Website Banner
310,589,88,3,29.81,29.81,0,0.00%,0,89.43,17/6/2025,App Mobile,App Mobile
1480,1210,71,4,80.76,80.76,0,0.00%,0,323.04,17/6/2025,App Mobile,App Mobile
380,413,44,4,64.84,64.84,0,0.00%,0,259.36,17/6/2025,E-commerce,Website Banner
566,973,266,4,61.67,61.67,0,0.00%,0,246.68,17/6/2025,App Mobile,App Mobile
46,514,433,4,60.12,60.12,0,0.00%,0,240.48,17/6/2025,App Mobile,App Mobile
1692,931,464,4,59.58,59.58,0,0.00%,0,238.32,17/6/2025,E-commerce,Website Banner
1952,1210,124,4,55.04,55.04,0,0.00%,0,220.16,17/6/2025,App Mobile,App Mobile
1824,691,69,4,49.98,49.98,0,0.00%,0,199.92,17/6/2025,App Mobile,App Mobile
3166,787,322,4,44.45,44.45,0,0.00%,0,177.8,17/6/2025,E-commerce,Website Banner
853,413,401,4,30.83,30.83,0,0.00%,0,123.32,17/6/2025,E-commerce,Website Banner
2570,336,234,5,80,80,0,0.00%,0,400,17/6/2025,E-commerce,Website Banner
1914,710,38,5,62.8,62.8,0,0.00%,0,314,17/6/2025,E-commerce,Website Banner
3095,413,210,5,57.32,57.32,0,0.00%,0,286.6,17/6/2025,E-commerce,Website Banner
3350,691,126,5,55.03,55.03,0,0.00%,0,275.15,17/6/2025,App Mobile,App Mobile
3097,427,406,5,53.74,53.74,0,0.00%,0,268.7,17/6/2025,App Mobile,App Mobile
2907,514,494,5,53.52,53.52,0,0.00%,0,267.6,17/6/2025,App Mobile,App Mobile
736,589,173,5,49.74,49.74,0,0.00%,0,248.7,17/6/2025,App Mobile,App Mobile
1345,343,363,5,43.64,43.64,0,0.00%,0,218.2,17/6/2025,App Mobile,App Mobile
2047,973,141,5,39.16,39.16,0,0.00%,0,195.8,17/6/2025,App Mobile,App Mobile
3087,961,243,5,37.06,37.06,0,0.00%,0,185.3,17/6/2025,E-commerce,Website Banner
1678,343,364,5,36.34,36.34,0,0.00%,0,181.7,17/6/2025,App Mobile,App Mobile
165,834,95,5,31.15,31.15,0,0.00%,0,155.75,17/6/2025,App Mobile,App Mobile
